forecast_generated_at,forecast_for,forecast_horizon_days,city,forecast_temperature_c,forecast_rain_probability_pct,forecast_precipitation_mm
2026-08-16 00:00:00,2026-08-17 00:00:00,1,Raipur,25.0,,0.2
2026-08-15 00:00:00,2026-08-17 00:00:00,2,Raipur,24.4,,0.0
2026-08-14 00:00:00,2026-08-17 00:00:00,3,Raipur,23.7,,1.5
2026-08-13 00:00:00,2026-08-17 00:00:00,4,Raipur,25.5,,0.0
2026-08-12 00:00:00,2026-08-17 00:00:00,5,Raipur,23.8,,2.4
2026-08-11 00:00:00,2026-08-17 00:00:00,6,Raipur,24.0,,0.3
2026-08-10 00:00:00,2026-08-17 00:00:00,7,Raipur,24.0,,1.8
2026-08-16 01:00:00,2026-08-17 01:00:00,1,Raipur,24.5,,2.2
2026-08-15 01:00:00,2026-08-17 01:00:00,2,Raipur,24.3,,0.0
2026-08-14 01:00:00,2026-08-17 01:00:00,3,Raipur,23.7,,1.5
2026-08-13 01:00:00,2026-08-17 01:00:00,4,Raipur,25.2,,0.0
2026-08-12 01:00:00,2026-08-17 01:00:00,5,Raipur,23.9,,2.4
2026-08-11 01:00:00,2026-08-17 01:00:00,6,Raipur,23.9,,0.3
2026-08-10 01:00:00,2026-08-17 01:00:00,7,Raipur,23.9,,1.8
2026-08-16 02:00:00,2026-08-17 02:00:00,1,Raipur,24.2,,3.1
2026-08-15 02:00:00,2026-08-17 02:00:00,2,Raipur,24.2,,0.0
2026-08-14 02:00:00,2026-08-17 02:00:00,3,Raipur,23.6,,1.6
2026-08-13 02:00:00,2026-08-17 02:00:00,4,Raipur,25.0,,0.0
2026-08-12 02:00:00,2026-08-17 02:00:00,5,Raipur,24.0,,2.4
2026-08-11 02:00:00,2026-08-17 02:00:00,6,Raipur,23.8,,0.3
2026-08-10 02:00:00,2026-08-17 02:00:00,7,Raipur,23.8,,1.8
2026-08-16 03:00:00,2026-08-17 03:00:00,1,Raipur,24.2,,0.8
2026-08-15 03:00:00,2026-08-17 03:00:00,2,Raipur,24.1,,0.1
2026-08-14 03:00:00,2026-08-17 03:00:00,3,Raipur,23.6,,1.3
2026-08-13 03:00:00,2026-08-17 03:00:00,4,Raipur,24.9,,0.0
2026-08-12 03:00:00,2026-08-17 03:00:00,5,Raipur,23.9,,1.0
2026-08-11 03:00:00,2026-08-17 03:00:00,6,Raipur,23.8,,0.3
2026-08-10 03:00:00,2026-08-17 03:00:00,7,Raipur,23.7,,1.8
2026-08-16 04:00:00,2026-08-17 04:00:00,1,Raipur,24.0,,0.4
2026-08-15 04:00:00,2026-08-17 04:00:00,2,Raipur,23.4,,0.8
2026-08-14 04:00:00,2026-08-17 04:00:00,3,Raipur,23.7,,2.0
2026-08-13 04:00:00,2026-08-17 04:00:00,4,Raipur,24.8,,0.0
2026-08-12 04:00:00,2026-08-17 04:00:00,5,Raipur,23.7,,1.0
2026-08-11 04:00:00,2026-08-17 04:00:00,6,Raipur,23.9,,0.3
2026-08-10 04:00:00,2026-08-17 04:00:00,7,Raipur,23.8,,1.8
2026-08-16 05:00:00,2026-08-17 05:00:00,1,Raipur,24.0,,0.1
2026-08-15 05:00:00,2026-08-17 05:00:00,2,Raipur,23.5,,1.0
2026-08-14 05:00:00,2026-08-17 05:00:00,3,Raipur,23.8,,0.5
2026-08-13 05:00:00,2026-08-17 05:00:00,4,Raipur,24.6,,0.0
2026-08-12 05:00:00,2026-08-17 05:00:00,5,Raipur,24.6,,0.0
2026-08-11 05:00:00,2026-08-17 05:00:00,6,Raipur,25.0,,0.0
2026-08-10 05:00:00,2026-08-17 05:00:00,7,Raipur,23.9,,1.1
2026-08-16 06:00:00,2026-08-17 06:00:00,1,Raipur,24.3,,0.1
2026-08-15 06:00:00,2026-08-17 06:00:00,2,Raipur,23.7,,0.8
2026-08-14 06:00:00,2026-08-17 06:00:00,3,Raipur,24.0,,0.1
2026-08-13 06:00:00,2026-08-17 06:00:00,4,Raipur,24.7,,0.3
2026-08-12 06:00:00,2026-08-17 06:00:00,5,Raipur,25.1,,0.0
2026-08-11 06:00:00,2026-08-17 06:00:00,6,Raipur,25.4,,0.1
2026-08-10 06:00:00,2026-08-17 06:00:00,7,Raipur,24.0,,1.2
2026-08-16 07:00:00,2026-08-17 07:00:00,1,Raipur,24.7,,0.4
2026-08-15 07:00:00,2026-08-17 07:00:00,2,Raipur,24.3,,0.3
2026-08-14 07:00:00,2026-08-17 07:00:00,3,Raipur,25.2,,0.0
2026-08-13 07:00:00,2026-08-17 07:00:00,4,Raipur,24.7,,0.3
2026-08-12 07:00:00,2026-08-17 07:00:00,5,Raipur,25.9,,0.0
2026-08-11 07:00:00,2026-08-17 07:00:00,6,Raipur,26.2,,0.1
2026-08-10 07:00:00,2026-08-17 07:00:00,7,Raipur,24.2,,1.2
2026-08-16 08:00:00,2026-08-17 08:00:00,1,Raipur,25.6,,0.6
2026-08-15 08:00:00,2026-08-17 08:00:00,2,Raipur,25.0,,0.6
2026-08-14 08:00:00,2026-08-17 08:00:00,3,Raipur,26.1,,0.0
2026-08-13 08:00:00,2026-08-17 08:00:00,4,Raipur,24.8,,0.3
2026-08-12 08:00:00,2026-08-17 08:00:00,5,Raipur,26.6,,0.0
2026-08-11 08:00:00,2026-08-17 08:00:00,6,Raipur,27.1,,0.1
2026-08-10 08:00:00,2026-08-17 08:00:00,7,Raipur,24.5,,1.2
2026-08-16 09:00:00,2026-08-17 09:00:00,1,Raipur,25.6,,0.7
2026-08-15 09:00:00,2026-08-17 09:00:00,2,Raipur,24.9,,0.9
2026-08-14 09:00:00,2026-08-17 09:00:00,3,Raipur,27.5,,0.0
2026-08-13 09:00:00,2026-08-17 09:00:00,4,Raipur,25.1,,0.4
2026-08-12 09:00:00,2026-08-17 09:00:00,5,Raipur,27.1,,0.0
2026-08-11 09:00:00,2026-08-17 09:00:00,6,Raipur,27.9,,0.1
2026-08-10 09:00:00,2026-08-17 09:00:00,7,Raipur,24.7,,1.2
2026-08-16 10:00:00,2026-08-17 10:00:00,1,Raipur,26.9,,0.2
2026-08-15 10:00:00,2026-08-17 10:00:00,2,Raipur,25.7,,0.2
2026-08-14 10:00:00,2026-08-17 10:00:00,3,Raipur,27.6,,0.0
2026-08-13 10:00:00,2026-08-17 10:00:00,4,Raipur,25.5,,0.4
2026-08-12 10:00:00,2026-08-17 10:00:00,5,Raipur,27.5,,0.0
2026-08-11 10:00:00,2026-08-17 10:00:00,6,Raipur,28.7,,0.1
2026-08-10 10:00:00,2026-08-17 10:00:00,7,Raipur,24.9,,1.2
2026-08-16 11:00:00,2026-08-17 11:00:00,1,Raipur,27.7,,0.3
2026-08-15 11:00:00,2026-08-17 11:00:00,2,Raipur,27.5,,0.7
2026-08-14 11:00:00,2026-08-17 11:00:00,3,Raipur,28.4,,0.3
2026-08-13 11:00:00,2026-08-17 11:00:00,4,Raipur,27.2,,0.2
2026-08-12 11:00:00,2026-08-17 11:00:00,5,Raipur,28.9,,0.2
2026-08-11 11:00:00,2026-08-17 11:00:00,6,Raipur,29.2,,0.1
2026-08-10 11:00:00,2026-08-17 11:00:00,7,Raipur,25.1,,1.2
2026-08-16 12:00:00,2026-08-17 12:00:00,1,Raipur,28.8,,0.2
2026-08-15 12:00:00,2026-08-17 12:00:00,2,Raipur,29.4,,0.5
2026-08-14 12:00:00,2026-08-17 12:00:00,3,Raipur,29.2,,0.2
2026-08-13 12:00:00,2026-08-17 12:00:00,4,Raipur,27.6,,0.2
2026-08-12 12:00:00,2026-08-17 12:00:00,5,Raipur,29.5,,0.0
2026-08-11 12:00:00,2026-08-17 12:00:00,6,Raipur,29.4,,0.1
2026-08-10 12:00:00,2026-08-17 12:00:00,7,Raipur,25.2,,0.3
2026-08-16 13:00:00,2026-08-17 13:00:00,1,Raipur,29.8,,0.2
2026-08-15 13:00:00,2026-08-17 13:00:00,2,Raipur,30.1,,0.1
2026-08-14 13:00:00,2026-08-17 13:00:00,3,Raipur,29.8,,0.1
2026-08-13 13:00:00,2026-08-17 13:00:00,4,Raipur,27.9,,0.2
2026-08-12 13:00:00,2026-08-17 13:00:00,5,Raipur,29.7,,0.0
2026-08-11 13:00:00,2026-08-17 13:00:00,6,Raipur,29.5,,0.1
2026-08-10 13:00:00,2026-08-17 13:00:00,7,Raipur,25.2,,0.3
2026-08-16 14:00:00,2026-08-17 14:00:00,1,Raipur,27.5,,3.2
2026-08-15 14:00:00,2026-08-17 14:00:00,2,Raipur,26.8,,4.1
2026-08-14 14:00:00,2026-08-17 14:00:00,3,Raipur,29.4,,0.1
2026-08-13 14:00:00,2026-08-17 14:00:00,4,Raipur,27.9,,0.2
2026-08-12 14:00:00,2026-08-17 14:00:00,5,Raipur,29.6,,0.0
2026-08-11 14:00:00,2026-08-17 14:00:00,6,Raipur,29.4,,0.1
2026-08-10 14:00:00,2026-08-17 14:00:00,7,Raipur,25.3,,0.3
2026-08-16 15:00:00,2026-08-17 15:00:00,1,Raipur,26.7,,4.0
2026-08-15 15:00:00,2026-08-17 15:00:00,2,Raipur,27.4,,1.4
2026-08-14 15:00:00,2026-08-17 15:00:00,3,Raipur,27.3,,3.3
2026-08-13 15:00:00,2026-08-17 15:00:00,4,Raipur,27.6,,0.1
2026-08-12 15:00:00,2026-08-17 15:00:00,5,Raipur,29.3,,0.0
2026-08-11 15:00:00,2026-08-17 15:00:00,6,Raipur,29.2,,0.1
2026-08-10 15:00:00,2026-08-17 15:00:00,7,Raipur,25.3,,0.3
2026-08-16 16:00:00,2026-08-17 16:00:00,1,Raipur,27.1,,0.8
2026-08-15 16:00:00,2026-08-17 16:00:00,2,Raipur,26.8,,3.6
2026-08-14 16:00:00,2026-08-17 16:00:00,3,Raipur,26.5,,0.9
2026-08-13 16:00:00,2026-08-17 16:00:00,4,Raipur,27.1,,0.1
2026-08-12 16:00:00,2026-08-17 16:00:00,5,Raipur,28.9,,0.0
2026-08-11 16:00:00,2026-08-17 16:00:00,6,Raipur,28.9,,0.1
2026-08-10 16:00:00,2026-08-17 16:00:00,7,Raipur,25.3,,0.3
2026-08-16 17:00:00,2026-08-17 17:00:00,1,Raipur,26.3,,0.5
2026-08-15 17:00:00,2026-08-17 17:00:00,2,Raipur,27.4,,0.9
2026-08-14 17:00:00,2026-08-17 17:00:00,3,Raipur,25.3,,4.1
2026-08-13 17:00:00,2026-08-17 17:00:00,4,Raipur,25.0,,2.0
2026-08-12 17:00:00,2026-08-17 17:00:00,5,Raipur,26.0,,0.1
2026-08-11 17:00:00,2026-08-17 17:00:00,6,Raipur,28.2,,0.0
2026-08-10 17:00:00,2026-08-17 17:00:00,7,Raipur,24.9,,1.9
2026-08-16 18:00:00,2026-08-17 18:00:00,1,Raipur,25.4,,0.5
2026-08-15 18:00:00,2026-08-17 18:00:00,2,Raipur,25.4,,5.3
2026-08-14 18:00:00,2026-08-17 18:00:00,3,Raipur,25.2,,0.6
2026-08-13 18:00:00,2026-08-17 18:00:00,4,Raipur,24.6,,3.7
2026-08-12 18:00:00,2026-08-17 18:00:00,5,Raipur,25.4,,0.7
2026-08-11 18:00:00,2026-08-17 18:00:00,6,Raipur,27.8,,0.3
2026-08-10 18:00:00,2026-08-17 18:00:00,7,Raipur,24.9,,1.2
2026-08-16 19:00:00,2026-08-17 19:00:00,1,Raipur,25.3,,0.2
2026-08-15 19:00:00,2026-08-17 19:00:00,2,Raipur,25.3,,1.1
2026-08-14 19:00:00,2026-08-17 19:00:00,3,Raipur,25.2,,0.1
2026-08-13 19:00:00,2026-08-17 19:00:00,4,Raipur,24.3,,3.7
2026-08-12 19:00:00,2026-08-17 19:00:00,5,Raipur,24.7,,0.7
2026-08-11 19:00:00,2026-08-17 19:00:00,6,Raipur,27.1,,0.3
2026-08-10 19:00:00,2026-08-17 19:00:00,7,Raipur,24.8,,1.2
2026-08-16 20:00:00,2026-08-17 20:00:00,1,Raipur,25.2,,0.4
2026-08-15 20:00:00,2026-08-17 20:00:00,2,Raipur,25.0,,0.8
2026-08-14 20:00:00,2026-08-17 20:00:00,3,Raipur,25.2,,0.4
2026-08-13 20:00:00,2026-08-17 20:00:00,4,Raipur,24.1,,3.7
2026-08-12 20:00:00,2026-08-17 20:00:00,5,Raipur,24.1,,0.7
2026-08-11 20:00:00,2026-08-17 20:00:00,6,Raipur,26.4,,0.3
2026-08-10 20:00:00,2026-08-17 20:00:00,7,Raipur,24.7,,1.2
2026-08-16 21:00:00,2026-08-17 21:00:00,1,Raipur,25.1,,0.5
2026-08-15 21:00:00,2026-08-17 21:00:00,2,Raipur,25.0,,0.8
2026-08-14 21:00:00,2026-08-17 21:00:00,3,Raipur,24.9,,0.2
2026-08-13 21:00:00,2026-08-17 21:00:00,4,Raipur,24.0,,3.9
2026-08-12 21:00:00,2026-08-17 21:00:00,5,Raipur,24.0,,0.5
2026-08-11 21:00:00,2026-08-17 21:00:00,6,Raipur,25.7,,0.3
2026-08-10 21:00:00,2026-08-17 21:00:00,7,Raipur,24.6,,1.2
2026-08-16 22:00:00,2026-08-17 22:00:00,1,Raipur,25.0,,0.2
2026-08-15 22:00:00,2026-08-17 22:00:00,2,Raipur,24.9,,0.7
2026-08-14 22:00:00,2026-08-17 22:00:00,3,Raipur,24.6,,0.2
2026-08-13 22:00:00,2026-08-17 22:00:00,4,Raipur,23.9,,3.9
2026-08-12 22:00:00,2026-08-17 22:00:00,5,Raipur,24.0,,0.5
2026-08-11 22:00:00,2026-08-17 22:00:00,6,Raipur,25.0,,0.3
2026-08-10 22:00:00,2026-08-17 22:00:00,7,Raipur,24.5,,1.2
2026-08-16 23:00:00,2026-08-17 23:00:00,1,Raipur,24.9,,0.2
2026-08-15 23:00:00,2026-08-17 23:00:00,2,Raipur,24.9,,0.2
2026-08-14 23:00:00,2026-08-17 23:00:00,3,Raipur,25.1,,0.1
2026-08-13 23:00:00,2026-08-17 23:00:00,4,Raipur,23.7,,2.0
2026-08-12 23:00:00,2026-08-17 23:00:00,5,Raipur,24.8,,0.5
2026-08-11 23:00:00,2026-08-17 23:00:00,6,Raipur,24.5,,0.3
2026-08-10 23:00:00,2026-08-17 23:00:00,7,Raipur,24.4,,1.2
2026-08-17 00:00:00,2026-08-18 00:00:00,1,Raipur,24.8,,0.3
2026-08-16 00:00:00,2026-08-18 00:00:00,2,Raipur,24.9,,0.1
2026-08-15 00:00:00,2026-08-18 00:00:00,3,Raipur,24.8,,0.6
2026-08-14 00:00:00,2026-08-18 00:00:00,4,Raipur,23.7,,3.4
2026-08-13 00:00:00,2026-08-18 00:00:00,5,Raipur,24.8,,0.0
2026-08-12 00:00:00,2026-08-18 00:00:00,6,Raipur,24.2,,0.5
2026-08-11 00:00:00,2026-08-18 00:00:00,7,Raipur,24.3,,0.9
2026-08-17 01:00:00,2026-08-18 01:00:00,1,Raipur,24.7,,0.8
2026-08-16 01:00:00,2026-08-18 01:00:00,2,Raipur,24.8,,0.3
2026-08-15 01:00:00,2026-08-18 01:00:00,3,Raipur,24.5,,0.6
2026-08-14 01:00:00,2026-08-18 01:00:00,4,Raipur,23.8,,3.4
2026-08-13 01:00:00,2026-08-18 01:00:00,5,Raipur,24.9,,0.0
2026-08-12 01:00:00,2026-08-18 01:00:00,6,Raipur,23.9,,0.5
2026-08-11 01:00:00,2026-08-18 01:00:00,7,Raipur,24.1,,0.9
2026-08-17 02:00:00,2026-08-18 02:00:00,1,Raipur,24.4,,0.8
2026-08-16 02:00:00,2026-08-18 02:00:00,2,Raipur,24.8,,0.6
2026-08-15 02:00:00,2026-08-18 02:00:00,3,Raipur,24.4,,1.4
2026-08-14 02:00:00,2026-08-18 02:00:00,4,Raipur,23.8,,3.4
2026-08-13 02:00:00,2026-08-18 02:00:00,5,Raipur,25.0,,0.0
2026-08-12 02:00:00,2026-08-18 02:00:00,6,Raipur,23.7,,0.5
2026-08-11 02:00:00,2026-08-18 02:00:00,7,Raipur,23.9,,0.9
2026-08-17 03:00:00,2026-08-18 03:00:00,1,Raipur,24.2,,0.6
2026-08-16 03:00:00,2026-08-18 03:00:00,2,Raipur,24.9,,0.2
2026-08-15 03:00:00,2026-08-18 03:00:00,3,Raipur,24.5,,0.4
2026-08-14 03:00:00,2026-08-18 03:00:00,4,Raipur,23.8,,3.0
2026-08-13 03:00:00,2026-08-18 03:00:00,5,Raipur,25.0,,0.0
2026-08-12 03:00:00,2026-08-18 03:00:00,6,Raipur,23.6,,0.5
2026-08-11 03:00:00,2026-08-18 03:00:00,7,Raipur,23.8,,0.9
2026-08-17 04:00:00,2026-08-18 04:00:00,1,Raipur,24.1,,0.7
2026-08-16 04:00:00,2026-08-18 04:00:00,2,Raipur,24.8,,0.1
2026-08-15 04:00:00,2026-08-18 04:00:00,3,Raipur,24.3,,0.1
2026-08-14 04:00:00,2026-08-18 04:00:00,4,Raipur,23.8,,3.0
2026-08-13 04:00:00,2026-08-18 04:00:00,5,Raipur,25.0,,0.0
2026-08-12 04:00:00,2026-08-18 04:00:00,6,Raipur,23.7,,0.5
2026-08-11 04:00:00,2026-08-18 04:00:00,7,Raipur,23.8,,0.9
2026-08-17 05:00:00,2026-08-18 05:00:00,1,Raipur,24.4,,0.2
2026-08-16 05:00:00,2026-08-18 05:00:00,2,Raipur,24.1,,1.1
2026-08-15 05:00:00,2026-08-18 05:00:00,3,Raipur,24.2,,1.7
2026-08-14 05:00:00,2026-08-18 05:00:00,4,Raipur,24.1,,1.8
2026-08-13 05:00:00,2026-08-18 05:00:00,5,Raipur,24.8,,0.0
2026-08-12 05:00:00,2026-08-18 05:00:00,6,Raipur,24.4,,0.0
2026-08-11 05:00:00,2026-08-18 05:00:00,7,Raipur,24.3,,0.7
2026-08-17 06:00:00,2026-08-18 06:00:00,1,Raipur,24.4,,0.1
2026-08-16 06:00:00,2026-08-18 06:00:00,2,Raipur,24.1,,1.6
2026-08-15 06:00:00,2026-08-18 06:00:00,3,Raipur,24.2,,2.1
2026-08-14 06:00:00,2026-08-18 06:00:00,4,Raipur,24.1,,0.5
2026-08-13 06:00:00,2026-08-18 06:00:00,5,Raipur,25.3,,0.0
2026-08-12 06:00:00,2026-08-18 06:00:00,6,Raipur,25.0,,0.1
2026-08-11 06:00:00,2026-08-18 06:00:00,7,Raipur,24.7,,0.1
2026-08-17 07:00:00,2026-08-18 07:00:00,1,Raipur,24.6,,0.2
2026-08-16 07:00:00,2026-08-18 07:00:00,2,Raipur,24.3,,1.8
2026-08-15 07:00:00,2026-08-18 07:00:00,3,Raipur,24.5,,5.3
2026-08-14 07:00:00,2026-08-18 07:00:00,4,Raipur,24.3,,0.5
2026-08-13 07:00:00,2026-08-18 07:00:00,5,Raipur,26.0,,0.0
2026-08-12 07:00:00,2026-08-18 07:00:00,6,Raipur,25.9,,0.1
2026-08-11 07:00:00,2026-08-18 07:00:00,7,Raipur,25.3,,0.1
2026-08-17 08:00:00,2026-08-18 08:00:00,1,Raipur,24.7,,0.8
2026-08-16 08:00:00,2026-08-18 08:00:00,2,Raipur,24.8,,1.6
2026-08-15 08:00:00,2026-08-18 08:00:00,3,Raipur,24.4,,13.1
2026-08-14 08:00:00,2026-08-18 08:00:00,4,Raipur,24.6,,0.5
2026-08-13 08:00:00,2026-08-18 08:00:00,5,Raipur,26.8,,0.0
2026-08-12 08:00:00,2026-08-18 08:00:00,6,Raipur,27.0,,0.1
2026-08-11 08:00:00,2026-08-18 08:00:00,7,Raipur,26.0,,0.1
2026-08-17 09:00:00,2026-08-18 09:00:00,1,Raipur,25.4,,0.9
2026-08-16 09:00:00,2026-08-18 09:00:00,2,Raipur,25.1,,1.7
2026-08-15 09:00:00,2026-08-18 09:00:00,3,Raipur,24.4,,10.8
2026-08-14 09:00:00,2026-08-18 09:00:00,4,Raipur,25.4,,0.2
2026-08-13 09:00:00,2026-08-18 09:00:00,5,Raipur,27.7,,0.1
2026-08-12 09:00:00,2026-08-18 09:00:00,6,Raipur,28.2,,0.1
2026-08-11 09:00:00,2026-08-18 09:00:00,7,Raipur,26.7,,0.1
2026-08-17 10:00:00,2026-08-18 10:00:00,1,Raipur,25.8,,0.5
2026-08-16 10:00:00,2026-08-18 10:00:00,2,Raipur,25.3,,1.4
2026-08-15 10:00:00,2026-08-18 10:00:00,3,Raipur,24.5,,2.4
2026-08-14 10:00:00,2026-08-18 10:00:00,4,Raipur,26.4,,0.2
2026-08-13 10:00:00,2026-08-18 10:00:00,5,Raipur,28.7,,0.1
2026-08-12 10:00:00,2026-08-18 10:00:00,6,Raipur,29.1,,0.1
2026-08-11 10:00:00,2026-08-18 10:00:00,7,Raipur,27.3,,0.1
2026-08-17 11:00:00,2026-08-18 11:00:00,1,Raipur,27.4,,0.1
2026-08-16 11:00:00,2026-08-18 11:00:00,2,Raipur,25.2,,1.3
2026-08-15 11:00:00,2026-08-18 11:00:00,3,Raipur,25.7,,4.0
2026-08-14 11:00:00,2026-08-18 11:00:00,4,Raipur,28.4,,0.1
2026-08-13 11:00:00,2026-08-18 11:00:00,5,Raipur,26.9,,0.4
2026-08-12 11:00:00,2026-08-18 11:00:00,6,Raipur,29.7,,0.1
2026-08-11 11:00:00,2026-08-18 11:00:00,7,Raipur,27.7,,0.1
2026-08-17 12:00:00,2026-08-18 12:00:00,1,Raipur,27.7,,0.2
2026-08-16 12:00:00,2026-08-18 12:00:00,2,Raipur,25.2,,1.5
2026-08-15 12:00:00,2026-08-18 12:00:00,3,Raipur,24.7,,6.9
2026-08-14 12:00:00,2026-08-18 12:00:00,4,Raipur,28.4,,1.1
2026-08-13 12:00:00,2026-08-18 12:00:00,5,Raipur,27.6,,0.3
2026-08-12 12:00:00,2026-08-18 12:00:00,6,Raipur,30.0,,0.4
2026-08-11 12:00:00,2026-08-18 12:00:00,7,Raipur,27.7,,0.1
2026-08-17 13:00:00,2026-08-18 13:00:00,1,Raipur,29.2,,0.1
2026-08-16 13:00:00,2026-08-18 13:00:00,2,Raipur,25.5,,1.7
2026-08-15 13:00:00,2026-08-18 13:00:00,3,Raipur,25.0,,2.8
2026-08-14 13:00:00,2026-08-18 13:00:00,4,Raipur,28.0,,1.1
2026-08-13 13:00:00,2026-08-18 13:00:00,5,Raipur,28.2,,0.3
2026-08-12 13:00:00,2026-08-18 13:00:00,6,Raipur,30.0,,0.4
2026-08-11 13:00:00,2026-08-18 13:00:00,7,Raipur,27.6,,0.1
2026-08-17 14:00:00,2026-08-18 14:00:00,1,Raipur,29.0,,0.1
2026-08-16 14:00:00,2026-08-18 14:00:00,2,Raipur,26.5,,1.0
2026-08-15 14:00:00,2026-08-18 14:00:00,3,Raipur,24.9,,3.5
2026-08-14 14:00:00,2026-08-18 14:00:00,4,Raipur,27.5,,1.1
2026-08-13 14:00:00,2026-08-18 14:00:00,5,Raipur,28.6,,0.3
2026-08-12 14:00:00,2026-08-18 14:00:00,6,Raipur,29.9,,0.4
2026-08-11 14:00:00,2026-08-18 14:00:00,7,Raipur,27.4,,0.1
2026-08-17 15:00:00,2026-08-18 15:00:00,1,Raipur,28.8,,0.1
2026-08-16 15:00:00,2026-08-18 15:00:00,2,Raipur,26.9,,0.3
2026-08-15 15:00:00,2026-08-18 15:00:00,3,Raipur,24.7,,3.5
2026-08-14 15:00:00,2026-08-18 15:00:00,4,Raipur,26.9,,2.0
2026-08-13 15:00:00,2026-08-18 15:00:00,5,Raipur,28.5,,0.0
2026-08-12 15:00:00,2026-08-18 15:00:00,6,Raipur,29.7,,0.4
2026-08-11 15:00:00,2026-08-18 15:00:00,7,Raipur,27.1,,0.1
2026-08-17 16:00:00,2026-08-18 16:00:00,1,Raipur,25.7,,2.2
2026-08-16 16:00:00,2026-08-18 16:00:00,2,Raipur,26.2,,0.8
2026-08-15 16:00:00,2026-08-18 16:00:00,3,Raipur,24.5,,4.8
2026-08-14 16:00:00,2026-08-18 16:00:00,4,Raipur,26.2,,2.0
2026-08-13 16:00:00,2026-08-18 16:00:00,5,Raipur,28.2,,0.0
2026-08-12 16:00:00,2026-08-18 16:00:00,6,Raipur,29.4,,0.4
2026-08-11 16:00:00,2026-08-18 16:00:00,7,Raipur,26.8,,0.1
2026-08-17 17:00:00,2026-08-18 17:00:00,1,Raipur,26.5,,0.6
2026-08-16 17:00:00,2026-08-18 17:00:00,2,Raipur,25.6,,0.6
2026-08-15 17:00:00,2026-08-18 17:00:00,3,Raipur,24.9,,0.4
2026-08-14 17:00:00,2026-08-18 17:00:00,4,Raipur,25.5,,0.6
2026-08-13 17:00:00,2026-08-18 17:00:00,5,Raipur,28.0,,0.4
2026-08-12 17:00:00,2026-08-18 17:00:00,6,Raipur,26.8,,1.6
2026-08-11 17:00:00,2026-08-18 17:00:00,7,Raipur,27.8,,0.4
2026-08-17 18:00:00,2026-08-18 18:00:00,1,Raipur,26.0,,0.3
2026-08-16 18:00:00,2026-08-18 18:00:00,2,Raipur,25.0,,0.6
2026-08-15 18:00:00,2026-08-18 18:00:00,3,Raipur,24.8,,0.5
2026-08-14 18:00:00,2026-08-18 18:00:00,4,Raipur,25.2,,0.6
2026-08-13 18:00:00,2026-08-18 18:00:00,5,Raipur,27.5,,0.1
2026-08-12 18:00:00,2026-08-18 18:00:00,6,Raipur,26.5,,0.0
2026-08-11 18:00:00,2026-08-18 18:00:00,7,Raipur,27.5,,0.0
2026-08-17 19:00:00,2026-08-18 19:00:00,1,Raipur,25.8,,0.7
2026-08-16 19:00:00,2026-08-18 19:00:00,2,Raipur,24.9,,0.8
2026-08-15 19:00:00,2026-08-18 19:00:00,3,Raipur,24.8,,0.5
2026-08-14 19:00:00,2026-08-18 19:00:00,4,Raipur,25.1,,0.6
2026-08-13 19:00:00,2026-08-18 19:00:00,5,Raipur,26.9,,0.1
2026-08-12 19:00:00,2026-08-18 19:00:00,6,Raipur,26.3,,0.0
2026-08-11 19:00:00,2026-08-18 19:00:00,7,Raipur,27.1,,0.0
2026-08-17 20:00:00,2026-08-18 20:00:00,1,Raipur,25.5,,0.5
2026-08-16 20:00:00,2026-08-18 20:00:00,2,Raipur,24.9,,0.9
2026-08-15 20:00:00,2026-08-18 20:00:00,3,Raipur,24.7,,0.4
2026-08-14 20:00:00,2026-08-18 20:00:00,4,Raipur,25.0,,0.6
2026-08-13 20:00:00,2026-08-18 20:00:00,5,Raipur,26.4,,0.1
2026-08-12 20:00:00,2026-08-18 20:00:00,6,Raipur,26.2,,0.0
2026-08-11 20:00:00,2026-08-18 20:00:00,7,Raipur,26.7,,0.0
2026-08-17 21:00:00,2026-08-18 21:00:00,1,Raipur,25.2,,0.2
2026-08-16 21:00:00,2026-08-18 21:00:00,2,Raipur,24.8,,1.7
2026-08-15 21:00:00,2026-08-18 21:00:00,3,Raipur,24.6,,0.4
2026-08-14 21:00:00,2026-08-18 21:00:00,4,Raipur,24.9,,0.5
2026-08-13 21:00:00,2026-08-18 21:00:00,5,Raipur,26.1,,0.0
2026-08-12 21:00:00,2026-08-18 21:00:00,6,Raipur,26.0,,0.0
2026-08-11 21:00:00,2026-08-18 21:00:00,7,Raipur,26.2,,0.0
2026-08-17 22:00:00,2026-08-18 22:00:00,1,Raipur,25.2,,0.9
2026-08-16 22:00:00,2026-08-18 22:00:00,2,Raipur,24.6,,1.2
2026-08-15 22:00:00,2026-08-18 22:00:00,3,Raipur,24.5,,0.5
2026-08-14 22:00:00,2026-08-18 22:00:00,4,Raipur,24.8,,0.5
2026-08-13 22:00:00,2026-08-18 22:00:00,5,Raipur,25.8,,0.0
2026-08-12 22:00:00,2026-08-18 22:00:00,6,Raipur,25.8,,0.0
2026-08-11 22:00:00,2026-08-18 22:00:00,7,Raipur,25.9,,0.0
2026-08-17 23:00:00,2026-08-18 23:00:00,1,Raipur,24.8,,0.2
2026-08-16 23:00:00,2026-08-18 23:00:00,2,Raipur,24.3,,0.4
2026-08-15 23:00:00,2026-08-18 23:00:00,3,Raipur,25.7,,0.4
2026-08-14 23:00:00,2026-08-18 23:00:00,4,Raipur,24.6,,0.4
2026-08-13 23:00:00,2026-08-18 23:00:00,5,Raipur,24.3,,1.4
2026-08-12 23:00:00,2026-08-18 23:00:00,6,Raipur,25.6,,0.0
2026-08-11 23:00:00,2026-08-18 23:00:00,7,Raipur,25.6,,0.0
2026-08-18 00:00:00,2026-08-19 00:00:00,1,Raipur,24.9,,0.1
2026-08-17 00:00:00,2026-08-19 00:00:00,2,Raipur,24.2,,0.4
2026-08-16 00:00:00,2026-08-19 00:00:00,3,Raipur,25.1,,0.5
2026-08-15 00:00:00,2026-08-19 00:00:00,4,Raipur,24.4,,3.7
2026-08-14 00:00:00,2026-08-19 00:00:00,5,Raipur,24.3,,0.7
2026-08-13 00:00:00,2026-08-19 00:00:00,6,Raipur,25.4,,0.0
2026-08-12 00:00:00,2026-08-19 00:00:00,7,Raipur,25.3,,0.0
2026-08-18 01:00:00,2026-08-19 01:00:00,1,Raipur,24.8,,0.1
2026-08-17 01:00:00,2026-08-19 01:00:00,2,Raipur,24.0,,0.7
2026-08-16 01:00:00,2026-08-19 01:00:00,3,Raipur,24.6,,0.7
2026-08-15 01:00:00,2026-08-19 01:00:00,4,Raipur,24.2,,3.7
2026-08-14 01:00:00,2026-08-19 01:00:00,5,Raipur,24.4,,0.7
2026-08-13 01:00:00,2026-08-19 01:00:00,6,Raipur,25.0,,0.0
2026-08-12 01:00:00,2026-08-19 01:00:00,7,Raipur,25.0,,0.0
2026-08-18 02:00:00,2026-08-19 02:00:00,1,Raipur,24.6,,0.2
2026-08-17 02:00:00,2026-08-19 02:00:00,2,Raipur,23.9,,0.9
2026-08-16 02:00:00,2026-08-19 02:00:00,3,Raipur,24.4,,0.6
2026-08-15 02:00:00,2026-08-19 02:00:00,4,Raipur,24.2,,3.7
2026-08-14 02:00:00,2026-08-19 02:00:00,5,Raipur,24.4,,0.7
2026-08-13 02:00:00,2026-08-19 02:00:00,6,Raipur,24.7,,0.0
2026-08-12 02:00:00,2026-08-19 02:00:00,7,Raipur,24.7,,0.0
2026-08-18 03:00:00,2026-08-19 03:00:00,1,Raipur,24.5,,0.5
2026-08-17 03:00:00,2026-08-19 03:00:00,2,Raipur,23.8,,0.7
2026-08-16 03:00:00,2026-08-19 03:00:00,3,Raipur,24.4,,0.5
2026-08-15 03:00:00,2026-08-19 03:00:00,4,Raipur,24.2,,2.7
2026-08-14 03:00:00,2026-08-19 03:00:00,5,Raipur,24.3,,1.3
2026-08-13 03:00:00,2026-08-19 03:00:00,6,Raipur,24.5,,0.0
2026-08-12 03:00:00,2026-08-19 03:00:00,7,Raipur,24.5,,0.0
2026-08-18 04:00:00,2026-08-19 04:00:00,1,Raipur,24.4,,0.9
2026-08-17 04:00:00,2026-08-19 04:00:00,2,Raipur,23.8,,1.1
2026-08-16 04:00:00,2026-08-19 04:00:00,3,Raipur,24.2,,0.4
2026-08-15 04:00:00,2026-08-19 04:00:00,4,Raipur,24.3,,2.7
2026-08-14 04:00:00,2026-08-19 04:00:00,5,Raipur,24.3,,1.3
2026-08-13 04:00:00,2026-08-19 04:00:00,6,Raipur,24.4,,0.0
2026-08-12 04:00:00,2026-08-19 04:00:00,7,Raipur,24.5,,0.0
2026-08-18 05:00:00,2026-08-19 05:00:00,1,Raipur,24.3,,2.3
2026-08-17 05:00:00,2026-08-19 05:00:00,2,Raipur,23.9,,0.9
2026-08-16 05:00:00,2026-08-19 05:00:00,3,Raipur,23.9,,0.6
2026-08-15 05:00:00,2026-08-19 05:00:00,4,Raipur,24.4,,0.4
2026-08-14 05:00:00,2026-08-19 05:00:00,5,Raipur,24.4,,5.9
2026-08-13 05:00:00,2026-08-19 05:00:00,6,Raipur,24.5,,0.0
2026-08-12 05:00:00,2026-08-19 05:00:00,7,Raipur,24.9,,0.0
2026-08-18 06:00:00,2026-08-19 06:00:00,1,Raipur,24.4,,2.2
2026-08-17 06:00:00,2026-08-19 06:00:00,2,Raipur,24.0,,1.1
2026-08-16 06:00:00,2026-08-19 06:00:00,3,Raipur,23.9,,0.7
2026-08-15 06:00:00,2026-08-19 06:00:00,4,Raipur,24.4,,2.0
2026-08-14 06:00:00,2026-08-19 06:00:00,5,Raipur,24.5,,1.1
2026-08-13 06:00:00,2026-08-19 06:00:00,6,Raipur,25.1,,0.0
2026-08-12 06:00:00,2026-08-19 06:00:00,7,Raipur,25.6,,0.1
2026-08-18 07:00:00,2026-08-19 07:00:00,1,Raipur,24.6,,2.0
2026-08-17 07:00:00,2026-08-19 07:00:00,2,Raipur,24.2,,1.1
2026-08-16 07:00:00,2026-08-19 07:00:00,3,Raipur,24.0,,0.4
2026-08-15 07:00:00,2026-08-19 07:00:00,4,Raipur,24.5,,2.0
2026-08-14 07:00:00,2026-08-19 07:00:00,5,Raipur,24.8,,1.1
2026-08-13 07:00:00,2026-08-19 07:00:00,6,Raipur,26.0,,0.0
2026-08-12 07:00:00,2026-08-19 07:00:00,7,Raipur,26.6,,0.1
2026-08-18 08:00:00,2026-08-19 08:00:00,1,Raipur,24.8,,2.8
2026-08-17 08:00:00,2026-08-19 08:00:00,2,Raipur,24.5,,0.9
2026-08-16 08:00:00,2026-08-19 08:00:00,3,Raipur,24.4,,0.1
2026-08-15 08:00:00,2026-08-19 08:00:00,4,Raipur,24.7,,2.0
2026-08-14 08:00:00,2026-08-19 08:00:00,5,Raipur,25.2,,1.1
2026-08-13 08:00:00,2026-08-19 08:00:00,6,Raipur,27.1,,0.0
2026-08-12 08:00:00,2026-08-19 08:00:00,7,Raipur,27.9,,0.1
2026-08-18 09:00:00,2026-08-19 09:00:00,1,Raipur,24.9,,3.7
2026-08-17 09:00:00,2026-08-19 09:00:00,2,Raipur,24.7,,0.9
2026-08-16 09:00:00,2026-08-19 09:00:00,3,Raipur,25.3,,0.2
2026-08-15 09:00:00,2026-08-19 09:00:00,4,Raipur,24.9,,4.8
2026-08-14 09:00:00,2026-08-19 09:00:00,5,Raipur,25.6,,0.2
2026-08-13 09:00:00,2026-08-19 09:00:00,6,Raipur,28.1,,0.0
2026-08-12 09:00:00,2026-08-19 09:00:00,7,Raipur,29.2,,0.1
2026-08-18 10:00:00,2026-08-19 10:00:00,1,Raipur,24.9,,11.9
2026-08-17 10:00:00,2026-08-19 10:00:00,2,Raipur,25.1,,0.7
2026-08-16 10:00:00,2026-08-19 10:00:00,3,Raipur,26.8,,0.4
2026-08-15 10:00:00,2026-08-19 10:00:00,4,Raipur,25.1,,4.8
2026-08-14 10:00:00,2026-08-19 10:00:00,5,Raipur,26.1,,0.2
2026-08-13 10:00:00,2026-08-19 10:00:00,6,Raipur,29.0,,0.0
2026-08-12 10:00:00,2026-08-19 10:00:00,7,Raipur,30.2,,0.1
2026-08-18 11:00:00,2026-08-19 11:00:00,1,Raipur,26.1,,1.5
2026-08-17 11:00:00,2026-08-19 11:00:00,2,Raipur,25.8,,1.5
2026-08-16 11:00:00,2026-08-19 11:00:00,3,Raipur,25.3,,1.3
2026-08-15 11:00:00,2026-08-19 11:00:00,4,Raipur,29.3,,0.1
2026-08-14 11:00:00,2026-08-19 11:00:00,5,Raipur,28.6,,0.0
2026-08-13 11:00:00,2026-08-19 11:00:00,6,Raipur,29.4,,0.0
2026-08-12 11:00:00,2026-08-19 11:00:00,7,Raipur,30.8,,0.1
2026-08-18 12:00:00,2026-08-19 12:00:00,1,Raipur,25.7,,2.2
2026-08-17 12:00:00,2026-08-19 12:00:00,2,Raipur,25.7,,1.1
2026-08-16 12:00:00,2026-08-19 12:00:00,3,Raipur,25.1,,1.2
2026-08-15 12:00:00,2026-08-19 12:00:00,4,Raipur,29.9,,0.1
2026-08-14 12:00:00,2026-08-19 12:00:00,5,Raipur,28.8,,0.2
2026-08-13 12:00:00,2026-08-19 12:00:00,6,Raipur,29.4,,0.9
2026-08-12 12:00:00,2026-08-19 12:00:00,7,Raipur,30.8,,0.3
2026-08-18 13:00:00,2026-08-19 13:00:00,1,Raipur,26.9,,0.4
2026-08-17 13:00:00,2026-08-19 13:00:00,2,Raipur,25.9,,1.9
2026-08-16 13:00:00,2026-08-19 13:00:00,3,Raipur,25.2,,2.3
2026-08-15 13:00:00,2026-08-19 13:00:00,4,Raipur,30.2,,0.1
2026-08-14 13:00:00,2026-08-19 13:00:00,5,Raipur,28.7,,0.2
2026-08-13 13:00:00,2026-08-19 13:00:00,6,Raipur,29.2,,0.9
2026-08-12 13:00:00,2026-08-19 13:00:00,7,Raipur,30.5,,0.3
2026-08-18 14:00:00,2026-08-19 14:00:00,1,Raipur,27.4,,0.2
2026-08-17 14:00:00,2026-08-19 14:00:00,2,Raipur,25.5,,3.3
2026-08-16 14:00:00,2026-08-19 14:00:00,3,Raipur,25.9,,0.8
2026-08-15 14:00:00,2026-08-19 14:00:00,4,Raipur,30.0,,0.1
2026-08-14 14:00:00,2026-08-19 14:00:00,5,Raipur,28.4,,0.2
2026-08-13 14:00:00,2026-08-19 14:00:00,6,Raipur,28.7,,0.9
2026-08-12 14:00:00,2026-08-19 14:00:00,7,Raipur,30.0,,0.3
2026-08-18 15:00:00,2026-08-19 15:00:00,1,Raipur,27.7,,0.1
2026-08-17 15:00:00,2026-08-19 15:00:00,2,Raipur,25.8,,3.0
2026-08-16 15:00:00,2026-08-19 15:00:00,3,Raipur,25.8,,1.3
2026-08-15 15:00:00,2026-08-19 15:00:00,4,Raipur,29.0,,0.7
2026-08-14 15:00:00,2026-08-19 15:00:00,5,Raipur,28.0,,0.1
2026-08-13 15:00:00,2026-08-19 15:00:00,6,Raipur,28.1,,0.9
2026-08-12 15:00:00,2026-08-19 15:00:00,7,Raipur,29.4,,0.3
2026-08-18 16:00:00,2026-08-19 16:00:00,1,Raipur,27.8,,0.0
2026-08-17 16:00:00,2026-08-19 16:00:00,2,Raipur,25.7,,1.6
2026-08-16 16:00:00,2026-08-19 16:00:00,3,Raipur,25.8,,0.7
2026-08-15 16:00:00,2026-08-19 16:00:00,4,Raipur,27.6,,0.7
2026-08-14 16:00:00,2026-08-19 16:00:00,5,Raipur,27.5,,0.1
2026-08-13 16:00:00,2026-08-19 16:00:00,6,Raipur,27.5,,0.9
2026-08-12 16:00:00,2026-08-19 16:00:00,7,Raipur,28.7,,0.3
2026-08-18 17:00:00,2026-08-19 17:00:00,1,Raipur,25.3,,1.1
2026-08-17 17:00:00,2026-08-19 17:00:00,2,Raipur,25.0,,0.5
2026-08-16 17:00:00,2026-08-19 17:00:00,3,Raipur,26.8,,0.2
2026-08-15 17:00:00,2026-08-19 17:00:00,4,Raipur,25.6,,2.5
2026-08-14 17:00:00,2026-08-19 17:00:00,5,Raipur,26.3,,0.3
2026-08-13 17:00:00,2026-08-19 17:00:00,6,Raipur,27.2,,0.3
2026-08-12 17:00:00,2026-08-19 17:00:00,7,Raipur,26.1,,1.8
2026-08-18 18:00:00,2026-08-19 18:00:00,1,Raipur,25.1,,1.5
2026-08-17 18:00:00,2026-08-19 18:00:00,2,Raipur,24.8,,0.2
2026-08-16 18:00:00,2026-08-19 18:00:00,3,Raipur,26.2,,0.0
2026-08-15 18:00:00,2026-08-19 18:00:00,4,Raipur,25.0,,0.1
2026-08-14 18:00:00,2026-08-19 18:00:00,5,Raipur,26.1,,0.0
2026-08-13 18:00:00,2026-08-19 18:00:00,6,Raipur,26.9,,0.1
2026-08-12 18:00:00,2026-08-19 18:00:00,7,Raipur,25.8,,0.1
2026-08-18 19:00:00,2026-08-19 19:00:00,1,Raipur,25.0,,1.7
2026-08-17 19:00:00,2026-08-19 19:00:00,2,Raipur,24.8,,0.0
2026-08-16 19:00:00,2026-08-19 19:00:00,3,Raipur,25.6,,0.0
2026-08-15 19:00:00,2026-08-19 19:00:00,4,Raipur,24.7,,0.1
2026-08-14 19:00:00,2026-08-19 19:00:00,5,Raipur,25.7,,0.0
2026-08-13 19:00:00,2026-08-19 19:00:00,6,Raipur,26.6,,0.1
2026-08-12 19:00:00,2026-08-19 19:00:00,7,Raipur,25.7,,0.1
2026-08-18 20:00:00,2026-08-19 20:00:00,1,Raipur,24.7,,2.3
2026-08-17 20:00:00,2026-08-19 20:00:00,2,Raipur,24.7,,0.3
2026-08-16 20:00:00,2026-08-19 20:00:00,3,Raipur,25.4,,0.0
2026-08-15 20:00:00,2026-08-19 20:00:00,4,Raipur,24.6,,0.1
2026-08-14 20:00:00,2026-08-19 20:00:00,5,Raipur,25.3,,0.0
2026-08-13 20:00:00,2026-08-19 20:00:00,6,Raipur,26.3,,0.1
2026-08-12 20:00:00,2026-08-19 20:00:00,7,Raipur,25.5,,0.1
2026-08-18 21:00:00,2026-08-19 21:00:00,1,Raipur,24.3,,1.2
2026-08-17 21:00:00,2026-08-19 21:00:00,2,Raipur,24.5,,1.3
2026-08-16 21:00:00,2026-08-19 21:00:00,3,Raipur,25.3,,0.0
2026-08-15 21:00:00,2026-08-19 21:00:00,4,Raipur,24.6,,0.0
2026-08-14 21:00:00,2026-08-19 21:00:00,5,Raipur,25.1,,0.0
2026-08-13 21:00:00,2026-08-19 21:00:00,6,Raipur,26.0,,0.1
2026-08-12 21:00:00,2026-08-19 21:00:00,7,Raipur,25.4,,0.1
2026-08-18 22:00:00,2026-08-19 22:00:00,1,Raipur,24.1,,2.4
2026-08-17 22:00:00,2026-08-19 22:00:00,2,Raipur,24.5,,2.5
2026-08-16 22:00:00,2026-08-19 22:00:00,3,Raipur,25.3,,0.0
2026-08-15 22:00:00,2026-08-19 22:00:00,4,Raipur,24.8,,0.0
2026-08-14 22:00:00,2026-08-19 22:00:00,5,Raipur,25.0,,0.0
2026-08-13 22:00:00,2026-08-19 22:00:00,6,Raipur,25.7,,0.1
2026-08-12 22:00:00,2026-08-19 22:00:00,7,Raipur,25.4,,0.1
2026-08-18 23:00:00,2026-08-19 23:00:00,1,Raipur,24.5,,1.8
2026-08-17 23:00:00,2026-08-19 23:00:00,2,Raipur,24.5,,0.0
2026-08-16 23:00:00,2026-08-19 23:00:00,3,Raipur,25.3,,0.0
2026-08-15 23:00:00,2026-08-19 23:00:00,4,Raipur,24.9,,0.6
2026-08-14 23:00:00,2026-08-19 23:00:00,5,Raipur,24.8,,0.4
2026-08-13 23:00:00,2026-08-19 23:00:00,6,Raipur,25.4,,0.1
2026-08-12 23:00:00,2026-08-19 23:00:00,7,Raipur,25.3,,0.1
2026-08-19 00:00:00,2026-08-20 00:00:00,1,Raipur,24.5,,1.6
2026-08-18 00:00:00,2026-08-20 00:00:00,2,Raipur,24.4,,0.0
2026-08-17 00:00:00,2026-08-20 00:00:00,3,Raipur,25.3,,0.0
2026-08-16 00:00:00,2026-08-20 00:00:00,4,Raipur,24.6,,2.1
2026-08-15 00:00:00,2026-08-20 00:00:00,5,Raipur,24.8,,0.1
2026-08-14 00:00:00,2026-08-20 00:00:00,6,Raipur,25.1,,0.0
2026-08-13 00:00:00,2026-08-20 00:00:00,7,Raipur,25.1,,0.0
2026-08-19 01:00:00,2026-08-20 01:00:00,1,Raipur,24.4,,0.9
2026-08-18 01:00:00,2026-08-20 01:00:00,2,Raipur,24.4,,0.0
2026-08-17 01:00:00,2026-08-20 01:00:00,3,Raipur,25.3,,0.0
2026-08-16 01:00:00,2026-08-20 01:00:00,4,Raipur,24.3,,2.1
2026-08-15 01:00:00,2026-08-20 01:00:00,5,Raipur,24.9,,0.1
2026-08-14 01:00:00,2026-08-20 01:00:00,6,Raipur,24.7,,0.0
2026-08-13 01:00:00,2026-08-20 01:00:00,7,Raipur,24.9,,0.0
2026-08-19 02:00:00,2026-08-20 02:00:00,1,Raipur,24.4,,1.0
2026-08-18 02:00:00,2026-08-20 02:00:00,2,Raipur,24.4,,0.0
2026-08-17 02:00:00,2026-08-20 02:00:00,3,Raipur,25.0,,0.1
2026-08-16 02:00:00,2026-08-20 02:00:00,4,Raipur,24.0,,2.1
2026-08-15 02:00:00,2026-08-20 02:00:00,5,Raipur,24.9,,0.1
2026-08-14 02:00:00,2026-08-20 02:00:00,6,Raipur,24.3,,0.0
2026-08-13 02:00:00,2026-08-20 02:00:00,7,Raipur,24.8,,0.0
2026-08-19 03:00:00,2026-08-20 03:00:00,1,Raipur,24.3,,4.8
2026-08-18 03:00:00,2026-08-20 03:00:00,2,Raipur,24.3,,0.0
2026-08-17 03:00:00,2026-08-20 03:00:00,3,Raipur,24.4,,0.8
2026-08-16 03:00:00,2026-08-20 03:00:00,4,Raipur,23.8,,0.1
2026-08-15 03:00:00,2026-08-20 03:00:00,5,Raipur,24.6,,0.2
2026-08-14 03:00:00,2026-08-20 03:00:00,6,Raipur,24.0,,0.0
2026-08-13 03:00:00,2026-08-20 03:00:00,7,Raipur,24.7,,0.0
2026-08-19 04:00:00,2026-08-20 04:00:00,1,Raipur,24.4,,4.1
2026-08-18 04:00:00,2026-08-20 04:00:00,2,Raipur,24.2,,0.1
2026-08-17 04:00:00,2026-08-20 04:00:00,3,Raipur,24.0,,0.3
2026-08-16 04:00:00,2026-08-20 04:00:00,4,Raipur,23.5,,0.1
2026-08-15 04:00:00,2026-08-20 04:00:00,5,Raipur,24.2,,0.2
2026-08-14 04:00:00,2026-08-20 04:00:00,6,Raipur,24.0,,0.0
2026-08-13 04:00:00,2026-08-20 04:00:00,7,Raipur,24.7,,0.0
2026-08-19 05:00:00,2026-08-20 05:00:00,1,Raipur,24.5,,0.1
2026-08-18 05:00:00,2026-08-20 05:00:00,2,Raipur,24.1,,0.6
2026-08-17 05:00:00,2026-08-20 05:00:00,3,Raipur,23.9,,1.3
2026-08-16 05:00:00,2026-08-20 05:00:00,4,Raipur,24.3,,0.2
2026-08-15 05:00:00,2026-08-20 05:00:00,5,Raipur,24.0,,1.5
2026-08-14 05:00:00,2026-08-20 05:00:00,6,Raipur,24.6,,0.1
2026-08-13 05:00:00,2026-08-20 05:00:00,7,Raipur,24.4,,1.0
2026-08-19 06:00:00,2026-08-20 06:00:00,1,Raipur,24.7,,0.3
2026-08-18 06:00:00,2026-08-20 06:00:00,2,Raipur,24.2,,0.3
2026-08-17 06:00:00,2026-08-20 06:00:00,3,Raipur,24.2,,0.4
2026-08-16 06:00:00,2026-08-20 06:00:00,4,Raipur,25.0,,0.0
2026-08-15 06:00:00,2026-08-20 06:00:00,5,Raipur,24.5,,0.3
2026-08-14 06:00:00,2026-08-20 06:00:00,6,Raipur,25.3,,0.1
2026-08-13 06:00:00,2026-08-20 06:00:00,7,Raipur,25.0,,0.2
2026-08-19 07:00:00,2026-08-20 07:00:00,1,Raipur,24.9,,0.4
2026-08-18 07:00:00,2026-08-20 07:00:00,2,Raipur,24.6,,0.5
2026-08-17 07:00:00,2026-08-20 07:00:00,3,Raipur,24.9,,0.0
2026-08-16 07:00:00,2026-08-20 07:00:00,4,Raipur,26.0,,0.0
2026-08-15 07:00:00,2026-08-20 07:00:00,5,Raipur,25.3,,0.3
2026-08-14 07:00:00,2026-08-20 07:00:00,6,Raipur,26.4,,0.1
2026-08-13 07:00:00,2026-08-20 07:00:00,7,Raipur,26.0,,0.2
2026-08-19 08:00:00,2026-08-20 08:00:00,1,Raipur,25.3,,0.2
2026-08-18 08:00:00,2026-08-20 08:00:00,2,Raipur,25.4,,0.4
2026-08-17 08:00:00,2026-08-20 08:00:00,3,Raipur,26.5,,0.0
2026-08-16 08:00:00,2026-08-20 08:00:00,4,Raipur,27.1,,0.0
2026-08-15 08:00:00,2026-08-20 08:00:00,5,Raipur,26.2,,0.3
2026-08-14 08:00:00,2026-08-20 08:00:00,6,Raipur,27.8,,0.1
2026-08-13 08:00:00,2026-08-20 08:00:00,7,Raipur,27.1,,0.2
2026-08-19 09:00:00,2026-08-20 09:00:00,1,Raipur,26.7,,0.1
2026-08-18 09:00:00,2026-08-20 09:00:00,2,Raipur,27.5,,0.1
2026-08-17 09:00:00,2026-08-20 09:00:00,3,Raipur,27.8,,0.0
2026-08-16 09:00:00,2026-08-20 09:00:00,4,Raipur,28.2,,0.2
2026-08-15 09:00:00,2026-08-20 09:00:00,5,Raipur,27.5,,0.0
2026-08-14 09:00:00,2026-08-20 09:00:00,6,Raipur,29.0,,0.1
2026-08-13 09:00:00,2026-08-20 09:00:00,7,Raipur,28.2,,0.2
2026-08-19 10:00:00,2026-08-20 10:00:00,1,Raipur,28.7,,0.1
2026-08-18 10:00:00,2026-08-20 10:00:00,2,Raipur,27.3,,0.3
2026-08-17 10:00:00,2026-08-20 10:00:00,3,Raipur,28.8,,0.1
2026-08-16 10:00:00,2026-08-20 10:00:00,4,Raipur,29.4,,0.2
2026-08-15 10:00:00,2026-08-20 10:00:00,5,Raipur,29.0,,0.0
2026-08-14 10:00:00,2026-08-20 10:00:00,6,Raipur,30.1,,0.1
2026-08-13 10:00:00,2026-08-20 10:00:00,7,Raipur,29.0,,0.2
2026-08-19 11:00:00,2026-08-20 11:00:00,1,Raipur,28.8,,0.0
2026-08-18 11:00:00,2026-08-20 11:00:00,2,Raipur,28.4,,0.3
2026-08-17 11:00:00,2026-08-20 11:00:00,3,Raipur,25.7,,6.0
2026-08-16 11:00:00,2026-08-20 11:00:00,4,Raipur,30.2,,0.1
2026-08-15 11:00:00,2026-08-20 11:00:00,5,Raipur,30.2,,0.1
2026-08-14 11:00:00,2026-08-20 11:00:00,6,Raipur,30.7,,0.1
2026-08-13 11:00:00,2026-08-20 11:00:00,7,Raipur,29.5,,0.2
2026-08-19 12:00:00,2026-08-20 12:00:00,1,Raipur,29.3,,0.2
2026-08-18 12:00:00,2026-08-20 12:00:00,2,Raipur,27.8,,1.0
2026-08-17 12:00:00,2026-08-20 12:00:00,3,Raipur,25.8,,5.2
2026-08-16 12:00:00,2026-08-20 12:00:00,4,Raipur,30.9,,0.1
2026-08-15 12:00:00,2026-08-20 12:00:00,5,Raipur,30.8,,0.1
2026-08-14 12:00:00,2026-08-20 12:00:00,6,Raipur,30.8,,0.1
2026-08-13 12:00:00,2026-08-20 12:00:00,7,Raipur,29.4,,0.8
2026-08-19 13:00:00,2026-08-20 13:00:00,1,Raipur,30.3,,0.1
2026-08-18 13:00:00,2026-08-20 13:00:00,2,Raipur,27.8,,0.2
2026-08-17 13:00:00,2026-08-20 13:00:00,3,Raipur,27.2,,0.3
2026-08-16 13:00:00,2026-08-20 13:00:00,4,Raipur,31.3,,0.1
2026-08-15 13:00:00,2026-08-20 13:00:00,5,Raipur,31.1,,0.1
2026-08-14 13:00:00,2026-08-20 13:00:00,6,Raipur,30.5,,0.1
2026-08-13 13:00:00,2026-08-20 13:00:00,7,Raipur,29.1,,0.8
2026-08-19 14:00:00,2026-08-20 14:00:00,1,Raipur,28.9,,1.5
2026-08-18 14:00:00,2026-08-20 14:00:00,2,Raipur,28.1,,0.0
2026-08-17 14:00:00,2026-08-20 14:00:00,3,Raipur,28.9,,0.3
2026-08-16 14:00:00,2026-08-20 14:00:00,4,Raipur,31.2,,0.1
2026-08-15 14:00:00,2026-08-20 14:00:00,5,Raipur,31.1,,0.1
2026-08-14 14:00:00,2026-08-20 14:00:00,6,Raipur,30.1,,0.1
2026-08-13 14:00:00,2026-08-20 14:00:00,7,Raipur,28.5,,0.8
2026-08-19 15:00:00,2026-08-20 15:00:00,1,Raipur,27.5,,2.5
2026-08-18 15:00:00,2026-08-20 15:00:00,2,Raipur,28.3,,0.1
2026-08-17 15:00:00,2026-08-20 15:00:00,3,Raipur,29.6,,0.2
2026-08-16 15:00:00,2026-08-20 15:00:00,4,Raipur,30.3,,0.4
2026-08-15 15:00:00,2026-08-20 15:00:00,5,Raipur,30.5,,0.2
2026-08-14 15:00:00,2026-08-20 15:00:00,6,Raipur,29.4,,0.1
2026-08-13 15:00:00,2026-08-20 15:00:00,7,Raipur,27.8,,0.8
2026-08-19 16:00:00,2026-08-20 16:00:00,1,Raipur,27.7,,0.4
2026-08-18 16:00:00,2026-08-20 16:00:00,2,Raipur,27.0,,0.3
2026-08-17 16:00:00,2026-08-20 16:00:00,3,Raipur,28.9,,0.0
2026-08-16 16:00:00,2026-08-20 16:00:00,4,Raipur,29.0,,0.4
2026-08-15 16:00:00,2026-08-20 16:00:00,5,Raipur,29.5,,0.2
2026-08-14 16:00:00,2026-08-20 16:00:00,6,Raipur,28.8,,0.1
2026-08-13 16:00:00,2026-08-20 16:00:00,7,Raipur,27.2,,0.8
2026-08-19 17:00:00,2026-08-20 17:00:00,1,Raipur,28.5,,0.0
2026-08-18 17:00:00,2026-08-20 17:00:00,2,Raipur,26.5,,0.0
2026-08-17 17:00:00,2026-08-20 17:00:00,3,Raipur,27.1,,0.0
2026-08-16 17:00:00,2026-08-20 17:00:00,4,Raipur,29.1,,0.2
2026-08-15 17:00:00,2026-08-20 17:00:00,5,Raipur,28.5,,0.3
2026-08-14 17:00:00,2026-08-20 17:00:00,6,Raipur,28.4,,0.3
2026-08-13 17:00:00,2026-08-20 17:00:00,7,Raipur,26.1,,1.1
2026-08-19 18:00:00,2026-08-20 18:00:00,1,Raipur,28.1,,0.1
2026-08-18 18:00:00,2026-08-20 18:00:00,2,Raipur,25.8,,0.0
2026-08-17 18:00:00,2026-08-20 18:00:00,3,Raipur,26.6,,0.0
2026-08-16 18:00:00,2026-08-20 18:00:00,4,Raipur,28.4,,0.0
2026-08-15 18:00:00,2026-08-20 18:00:00,5,Raipur,28.1,,0.1
2026-08-14 18:00:00,2026-08-20 18:00:00,6,Raipur,28.0,,0.0
2026-08-13 18:00:00,2026-08-20 18:00:00,7,Raipur,25.8,,0.1
2026-08-19 19:00:00,2026-08-20 19:00:00,1,Raipur,27.5,,0.0
2026-08-18 19:00:00,2026-08-20 19:00:00,2,Raipur,25.3,,0.1
2026-08-17 19:00:00,2026-08-20 19:00:00,3,Raipur,26.2,,0.0
2026-08-16 19:00:00,2026-08-20 19:00:00,4,Raipur,27.8,,0.0
2026-08-15 19:00:00,2026-08-20 19:00:00,5,Raipur,27.3,,0.1
2026-08-14 19:00:00,2026-08-20 19:00:00,6,Raipur,27.5,,0.0
2026-08-13 19:00:00,2026-08-20 19:00:00,7,Raipur,25.6,,0.1
2026-08-19 20:00:00,2026-08-20 20:00:00,1,Raipur,27.0,,0.0
2026-08-18 20:00:00,2026-08-20 20:00:00,2,Raipur,24.9,,0.2
2026-08-17 20:00:00,2026-08-20 20:00:00,3,Raipur,25.9,,0.0
2026-08-16 20:00:00,2026-08-20 20:00:00,4,Raipur,27.2,,0.0
2026-08-15 20:00:00,2026-08-20 20:00:00,5,Raipur,26.6,,0.1
2026-08-14 20:00:00,2026-08-20 20:00:00,6,Raipur,27.0,,0.0
2026-08-13 20:00:00,2026-08-20 20:00:00,7,Raipur,25.5,,0.1
2026-08-19 21:00:00,2026-08-20 21:00:00,1,Raipur,26.6,,0.0
2026-08-18 21:00:00,2026-08-20 21:00:00,2,Raipur,24.5,,0.9
2026-08-17 21:00:00,2026-08-20 21:00:00,3,Raipur,25.7,,0.0
2026-08-16 21:00:00,2026-08-20 21:00:00,4,Raipur,26.7,,0.0
2026-08-15 21:00:00,2026-08-20 21:00:00,5,Raipur,26.2,,0.0
2026-08-14 21:00:00,2026-08-20 21:00:00,6,Raipur,26.5,,0.0
2026-08-13 21:00:00,2026-08-20 21:00:00,7,Raipur,25.5,,0.1
2026-08-19 22:00:00,2026-08-20 22:00:00,1,Raipur,26.3,,0.0
2026-08-18 22:00:00,2026-08-20 22:00:00,2,Raipur,24.3,,4.7
2026-08-17 22:00:00,2026-08-20 22:00:00,3,Raipur,25.6,,0.0
2026-08-16 22:00:00,2026-08-20 22:00:00,4,Raipur,26.2,,0.0
2026-08-15 22:00:00,2026-08-20 22:00:00,5,Raipur,25.8,,0.0
2026-08-14 22:00:00,2026-08-20 22:00:00,6,Raipur,26.1,,0.0
2026-08-13 22:00:00,2026-08-20 22:00:00,7,Raipur,25.4,,0.1
2026-08-19 23:00:00,2026-08-20 23:00:00,1,Raipur,26.1,,0.0
2026-08-18 23:00:00,2026-08-20 23:00:00,2,Raipur,24.8,,0.7
2026-08-17 23:00:00,2026-08-20 23:00:00,3,Raipur,25.6,,0.0
2026-08-16 23:00:00,2026-08-20 23:00:00,4,Raipur,25.5,,0.0
2026-08-15 23:00:00,2026-08-20 23:00:00,5,Raipur,25.1,,0.0
2026-08-14 23:00:00,2026-08-20 23:00:00,6,Raipur,25.7,,0.0
2026-08-13 23:00:00,2026-08-20 23:00:00,7,Raipur,25.4,,0.1
2026-08-20 00:00:00,2026-08-21 00:00:00,1,Raipur,25.8,,0.0
2026-08-19 00:00:00,2026-08-21 00:00:00,2,Raipur,24.7,,0.6
2026-08-18 00:00:00,2026-08-21 00:00:00,3,Raipur,25.4,,0.0
2026-08-17 00:00:00,2026-08-21 00:00:00,4,Raipur,25.2,,0.1
2026-08-16 00:00:00,2026-08-21 00:00:00,5,Raipur,24.9,,0.0
2026-08-15 00:00:00,2026-08-21 00:00:00,6,Raipur,25.4,,0.0
2026-08-14 00:00:00,2026-08-21 00:00:00,7,Raipur,25.2,,0.1
2026-08-20 01:00:00,2026-08-21 01:00:00,1,Raipur,25.3,,0.0
2026-08-19 01:00:00,2026-08-21 01:00:00,2,Raipur,24.4,,1.0
2026-08-18 01:00:00,2026-08-21 01:00:00,3,Raipur,25.3,,0.0
2026-08-17 01:00:00,2026-08-21 01:00:00,4,Raipur,25.0,,0.1
2026-08-16 01:00:00,2026-08-21 01:00:00,5,Raipur,24.7,,0.0
2026-08-15 01:00:00,2026-08-21 01:00:00,6,Raipur,25.2,,0.0
2026-08-14 01:00:00,2026-08-21 01:00:00,7,Raipur,25.0,,0.1
2026-08-20 02:00:00,2026-08-21 02:00:00,1,Raipur,25.1,,0.0
2026-08-19 02:00:00,2026-08-21 02:00:00,2,Raipur,24.3,,0.8
2026-08-18 02:00:00,2026-08-21 02:00:00,3,Raipur,25.1,,0.0
2026-08-17 02:00:00,2026-08-21 02:00:00,4,Raipur,24.9,,0.1
2026-08-16 02:00:00,2026-08-21 02:00:00,5,Raipur,24.5,,0.0
2026-08-15 02:00:00,2026-08-21 02:00:00,6,Raipur,24.9,,0.0
2026-08-14 02:00:00,2026-08-21 02:00:00,7,Raipur,24.8,,0.1
2026-08-20 03:00:00,2026-08-21 03:00:00,1,Raipur,25.0,,0.0
2026-08-19 03:00:00,2026-08-21 03:00:00,2,Raipur,24.1,,1.1
2026-08-18 03:00:00,2026-08-21 03:00:00,3,Raipur,25.0,,0.0
2026-08-17 03:00:00,2026-08-21 03:00:00,4,Raipur,24.8,,0.0
2026-08-16 03:00:00,2026-08-21 03:00:00,5,Raipur,24.2,,0.0
2026-08-15 03:00:00,2026-08-21 03:00:00,6,Raipur,24.8,,0.0
2026-08-14 03:00:00,2026-08-21 03:00:00,7,Raipur,24.6,,0.1
2026-08-20 04:00:00,2026-08-21 04:00:00,1,Raipur,25.0,,0.0
2026-08-19 04:00:00,2026-08-21 04:00:00,2,Raipur,24.2,,2.0
2026-08-18 04:00:00,2026-08-21 04:00:00,3,Raipur,25.2,,0.0
2026-08-17 04:00:00,2026-08-21 04:00:00,4,Raipur,24.8,,0.0
2026-08-16 04:00:00,2026-08-21 04:00:00,5,Raipur,24.0,,0.0
2026-08-15 04:00:00,2026-08-21 04:00:00,6,Raipur,24.9,,0.0
2026-08-14 04:00:00,2026-08-21 04:00:00,7,Raipur,24.6,,0.1
2026-08-20 05:00:00,2026-08-21 05:00:00,1,Raipur,25.1,,0.0
2026-08-19 05:00:00,2026-08-21 05:00:00,2,Raipur,24.7,,0.1
2026-08-18 05:00:00,2026-08-21 05:00:00,3,Raipur,25.1,,0.0
2026-08-17 05:00:00,2026-08-21 05:00:00,4,Raipur,24.9,,0.0
2026-08-16 05:00:00,2026-08-21 05:00:00,5,Raipur,24.5,,0.0
2026-08-15 05:00:00,2026-08-21 05:00:00,6,Raipur,25.1,,0.0
2026-08-14 05:00:00,2026-08-21 05:00:00,7,Raipur,24.7,,0.1
2026-08-20 06:00:00,2026-08-21 06:00:00,1,Raipur,25.3,,0.0
2026-08-19 06:00:00,2026-08-21 06:00:00,2,Raipur,24.9,,0.0
2026-08-18 06:00:00,2026-08-21 06:00:00,3,Raipur,25.2,,0.0
2026-08-17 06:00:00,2026-08-21 06:00:00,4,Raipur,25.6,,0.0
2026-08-16 06:00:00,2026-08-21 06:00:00,5,Raipur,25.2,,0.0
2026-08-15 06:00:00,2026-08-21 06:00:00,6,Raipur,25.7,,0.1
2026-08-14 06:00:00,2026-08-21 06:00:00,7,Raipur,25.4,,0.1
2026-08-20 07:00:00,2026-08-21 07:00:00,1,Raipur,26.3,,0.1
2026-08-19 07:00:00,2026-08-21 07:00:00,2,Raipur,25.8,,0.0
2026-08-18 07:00:00,2026-08-21 07:00:00,3,Raipur,25.4,,0.2
2026-08-17 07:00:00,2026-08-21 07:00:00,4,Raipur,26.5,,0.0
2026-08-16 07:00:00,2026-08-21 07:00:00,5,Raipur,26.2,,0.0
2026-08-15 07:00:00,2026-08-21 07:00:00,6,Raipur,26.7,,0.1
2026-08-14 07:00:00,2026-08-21 07:00:00,7,Raipur,26.5,,0.1
2026-08-20 08:00:00,2026-08-21 08:00:00,1,Raipur,26.8,,0.2
2026-08-19 08:00:00,2026-08-21 08:00:00,2,Raipur,25.8,,0.0
2026-08-18 08:00:00,2026-08-21 08:00:00,3,Raipur,26.1,,0.9
2026-08-17 08:00:00,2026-08-21 08:00:00,4,Raipur,27.5,,0.0
2026-08-16 08:00:00,2026-08-21 08:00:00,5,Raipur,27.3,,0.0
2026-08-15 08:00:00,2026-08-21 08:00:00,6,Raipur,27.9,,0.1
2026-08-14 08:00:00,2026-08-21 08:00:00,7,Raipur,27.8,,0.1
2026-08-20 09:00:00,2026-08-21 09:00:00,1,Raipur,27.4,,0.0
2026-08-19 09:00:00,2026-08-21 09:00:00,2,Raipur,26.7,,0.0
2026-08-18 09:00:00,2026-08-21 09:00:00,3,Raipur,27.2,,0.0
2026-08-17 09:00:00,2026-08-21 09:00:00,4,Raipur,28.6,,0.2
2026-08-16 09:00:00,2026-08-21 09:00:00,5,Raipur,28.3,,0.2
2026-08-15 09:00:00,2026-08-21 09:00:00,6,Raipur,29.0,,0.1
2026-08-14 09:00:00,2026-08-21 09:00:00,7,Raipur,29.0,,0.1
2026-08-20 10:00:00,2026-08-21 10:00:00,1,Raipur,28.6,,0.0
2026-08-19 10:00:00,2026-08-21 10:00:00,2,Raipur,28.0,,0.0
2026-08-18 10:00:00,2026-08-21 10:00:00,3,Raipur,27.9,,0.0
2026-08-17 10:00:00,2026-08-21 10:00:00,4,Raipur,29.7,,0.2
2026-08-16 10:00:00,2026-08-21 10:00:00,5,Raipur,29.4,,0.2
2026-08-15 10:00:00,2026-08-21 10:00:00,6,Raipur,29.9,,0.1
2026-08-14 10:00:00,2026-08-21 10:00:00,7,Raipur,30.0,,0.1
2026-08-20 11:00:00,2026-08-21 11:00:00,1,Raipur,26.1,,1.2
2026-08-19 11:00:00,2026-08-21 11:00:00,2,Raipur,30.3,,0.1
2026-08-18 11:00:00,2026-08-21 11:00:00,3,Raipur,28.3,,0.0
2026-08-17 11:00:00,2026-08-21 11:00:00,4,Raipur,30.4,,0.1
2026-08-16 11:00:00,2026-08-21 11:00:00,5,Raipur,30.4,,0.1
2026-08-15 11:00:00,2026-08-21 11:00:00,6,Raipur,30.3,,0.1
2026-08-14 11:00:00,2026-08-21 11:00:00,7,Raipur,30.6,,0.1
2026-08-20 12:00:00,2026-08-21 12:00:00,1,Raipur,26.7,,0.8
2026-08-19 12:00:00,2026-08-21 12:00:00,2,Raipur,31.0,,0.3
2026-08-18 12:00:00,2026-08-21 12:00:00,3,Raipur,28.3,,0.0
2026-08-17 12:00:00,2026-08-21 12:00:00,4,Raipur,30.8,,0.8
2026-08-16 12:00:00,2026-08-21 12:00:00,5,Raipur,29.7,,1.2
2026-08-15 12:00:00,2026-08-21 12:00:00,6,Raipur,30.0,,1.9
2026-08-14 12:00:00,2026-08-21 12:00:00,7,Raipur,30.6,,0.7
2026-08-20 13:00:00,2026-08-21 13:00:00,1,Raipur,27.9,,0.4
2026-08-19 13:00:00,2026-08-21 13:00:00,2,Raipur,30.7,,0.4
2026-08-18 13:00:00,2026-08-21 13:00:00,3,Raipur,28.6,,0.1
2026-08-17 13:00:00,2026-08-21 13:00:00,4,Raipur,30.9,,0.8
2026-08-16 13:00:00,2026-08-21 13:00:00,5,Raipur,28.3,,1.2
2026-08-15 13:00:00,2026-08-21 13:00:00,6,Raipur,29.3,,1.9
2026-08-14 13:00:00,2026-08-21 13:00:00,7,Raipur,30.2,,0.7
2026-08-20 14:00:00,2026-08-21 14:00:00,1,Raipur,27.4,,2.0
2026-08-19 14:00:00,2026-08-21 14:00:00,2,Raipur,26.2,,9.2
2026-08-18 14:00:00,2026-08-21 14:00:00,3,Raipur,29.2,,0.1
2026-08-17 14:00:00,2026-08-21 14:00:00,4,Raipur,30.7,,0.8
2026-08-16 14:00:00,2026-08-21 14:00:00,5,Raipur,27.2,,1.2
2026-08-15 14:00:00,2026-08-21 14:00:00,6,Raipur,28.3,,1.9
2026-08-14 14:00:00,2026-08-21 14:00:00,7,Raipur,29.6,,0.7
2026-08-20 15:00:00,2026-08-21 15:00:00,1,Raipur,27.7,,1.3
2026-08-19 15:00:00,2026-08-21 15:00:00,2,Raipur,27.7,,0.8
2026-08-18 15:00:00,2026-08-21 15:00:00,3,Raipur,28.5,,0.3
2026-08-17 15:00:00,2026-08-21 15:00:00,4,Raipur,30.1,,0.3
2026-08-16 15:00:00,2026-08-21 15:00:00,5,Raipur,26.9,,1.2
2026-08-15 15:00:00,2026-08-21 15:00:00,6,Raipur,27.3,,1.9
2026-08-14 15:00:00,2026-08-21 15:00:00,7,Raipur,28.9,,0.7
2026-08-20 16:00:00,2026-08-21 16:00:00,1,Raipur,27.2,,2.2
2026-08-19 16:00:00,2026-08-21 16:00:00,2,Raipur,27.6,,0.5
2026-08-18 16:00:00,2026-08-21 16:00:00,3,Raipur,28.1,,0.1
2026-08-17 16:00:00,2026-08-21 16:00:00,4,Raipur,29.3,,0.3
2026-08-16 16:00:00,2026-08-21 16:00:00,5,Raipur,27.0,,1.2
2026-08-15 16:00:00,2026-08-21 16:00:00,6,Raipur,26.3,,1.9
2026-08-14 16:00:00,2026-08-21 16:00:00,7,Raipur,28.2,,0.7
2026-08-20 17:00:00,2026-08-21 17:00:00,1,Raipur,28.7,,0.2
2026-08-19 17:00:00,2026-08-21 17:00:00,2,Raipur,27.5,,0.4
2026-08-18 17:00:00,2026-08-21 17:00:00,3,Raipur,27.0,,0.1
2026-08-17 17:00:00,2026-08-21 17:00:00,4,Raipur,28.0,,0.2
2026-08-16 17:00:00,2026-08-21 17:00:00,5,Raipur,27.4,,1.0
2026-08-15 17:00:00,2026-08-21 17:00:00,6,Raipur,26.4,,2.2
2026-08-14 17:00:00,2026-08-21 17:00:00,7,Raipur,26.8,,1.3
2026-08-20 18:00:00,2026-08-21 18:00:00,1,Raipur,26.7,,1.4
2026-08-19 18:00:00,2026-08-21 18:00:00,2,Raipur,27.0,,0.1
2026-08-18 18:00:00,2026-08-21 18:00:00,3,Raipur,25.9,,0.0
2026-08-17 18:00:00,2026-08-21 18:00:00,4,Raipur,27.4,,0.0
2026-08-16 18:00:00,2026-08-21 18:00:00,5,Raipur,26.4,,0.3
2026-08-15 18:00:00,2026-08-21 18:00:00,6,Raipur,26.2,,0.1
2026-08-14 18:00:00,2026-08-21 18:00:00,7,Raipur,26.4,,0.3
2026-08-20 19:00:00,2026-08-21 19:00:00,1,Raipur,25.5,,3.0
2026-08-19 19:00:00,2026-08-21 19:00:00,2,Raipur,26.4,,0.0
2026-08-18 19:00:00,2026-08-21 19:00:00,3,Raipur,25.1,,0.1
2026-08-17 19:00:00,2026-08-21 19:00:00,4,Raipur,27.1,,0.0
2026-08-16 19:00:00,2026-08-21 19:00:00,5,Raipur,25.7,,0.3
2026-08-15 19:00:00,2026-08-21 19:00:00,6,Raipur,26.0,,0.1
2026-08-14 19:00:00,2026-08-21 19:00:00,7,Raipur,26.0,,0.3
2026-08-20 20:00:00,2026-08-21 20:00:00,1,Raipur,25.4,,3.4
2026-08-19 20:00:00,2026-08-21 20:00:00,2,Raipur,25.7,,0.2
2026-08-18 20:00:00,2026-08-21 20:00:00,3,Raipur,25.0,,0.5
2026-08-17 20:00:00,2026-08-21 20:00:00,4,Raipur,26.7,,0.0
2026-08-16 20:00:00,2026-08-21 20:00:00,5,Raipur,25.2,,0.3
2026-08-15 20:00:00,2026-08-21 20:00:00,6,Raipur,25.8,,0.1
2026-08-14 20:00:00,2026-08-21 20:00:00,7,Raipur,25.6,,0.3
2026-08-20 21:00:00,2026-08-21 21:00:00,1,Raipur,24.9,,6.6
2026-08-19 21:00:00,2026-08-21 21:00:00,2,Raipur,24.9,,2.1
2026-08-18 21:00:00,2026-08-21 21:00:00,3,Raipur,24.8,,0.8
2026-08-17 21:00:00,2026-08-21 21:00:00,4,Raipur,26.4,,0.0
2026-08-16 21:00:00,2026-08-21 21:00:00,5,Raipur,25.0,,0.0
2026-08-15 21:00:00,2026-08-21 21:00:00,6,Raipur,25.7,,0.1
2026-08-14 21:00:00,2026-08-21 21:00:00,7,Raipur,25.3,,0.3
2026-08-20 22:00:00,2026-08-21 22:00:00,1,Raipur,24.8,,3.7
2026-08-19 22:00:00,2026-08-21 22:00:00,2,Raipur,24.2,,1.3
2026-08-18 22:00:00,2026-08-21 22:00:00,3,Raipur,24.7,,1.5
2026-08-17 22:00:00,2026-08-21 22:00:00,4,Raipur,26.2,,0.0
2026-08-16 22:00:00,2026-08-21 22:00:00,5,Raipur,25.1,,0.0
2026-08-15 22:00:00,2026-08-21 22:00:00,6,Raipur,25.6,,0.1
2026-08-14 22:00:00,2026-08-21 22:00:00,7,Raipur,25.0,,0.3
2026-08-20 23:00:00,2026-08-21 23:00:00,1,Raipur,24.5,,0.9
2026-08-19 23:00:00,2026-08-21 23:00:00,2,Raipur,24.6,,0.1
2026-08-18 23:00:00,2026-08-21 23:00:00,3,Raipur,24.2,,2.4
2026-08-17 23:00:00,2026-08-21 23:00:00,4,Raipur,26.0,,0.0
2026-08-16 23:00:00,2026-08-21 23:00:00,5,Raipur,24.9,,0.3
2026-08-15 23:00:00,2026-08-21 23:00:00,6,Raipur,25.5,,0.1
2026-08-14 23:00:00,2026-08-21 23:00:00,7,Raipur,24.8,,0.3
2026-08-21 00:00:00,2026-08-22 00:00:00,1,Raipur,24.5,,1.1
2026-08-20 00:00:00,2026-08-22 00:00:00,2,Raipur,24.6,,0.2
2026-08-19 00:00:00,2026-08-22 00:00:00,3,Raipur,24.1,,0.6
2026-08-18 00:00:00,2026-08-22 00:00:00,4,Raipur,26.0,,0.0
2026-08-17 00:00:00,2026-08-22 00:00:00,5,Raipur,24.8,,0.0
2026-08-16 00:00:00,2026-08-22 00:00:00,6,Raipur,25.3,,0.0
2026-08-15 00:00:00,2026-08-22 00:00:00,7,Raipur,24.6,,0.1
2026-08-21 01:00:00,2026-08-22 01:00:00,1,Raipur,24.4,,0.7
2026-08-20 01:00:00,2026-08-22 01:00:00,2,Raipur,24.4,,2.1
2026-08-19 01:00:00,2026-08-22 01:00:00,3,Raipur,24.0,,0.2
2026-08-18 01:00:00,2026-08-22 01:00:00,4,Raipur,26.0,,0.0
2026-08-17 01:00:00,2026-08-22 01:00:00,5,Raipur,24.7,,0.0
2026-08-16 01:00:00,2026-08-22 01:00:00,6,Raipur,25.0,,0.0
2026-08-15 01:00:00,2026-08-22 01:00:00,7,Raipur,24.5,,0.1
2026-08-21 02:00:00,2026-08-22 02:00:00,1,Raipur,24.2,,0.4
2026-08-20 02:00:00,2026-08-22 02:00:00,2,Raipur,24.4,,1.1
2026-08-19 02:00:00,2026-08-22 02:00:00,3,Raipur,24.0,,0.0
2026-08-18 02:00:00,2026-08-22 02:00:00,4,Raipur,25.8,,0.0
2026-08-17 02:00:00,2026-08-22 02:00:00,5,Raipur,24.6,,0.0
2026-08-16 02:00:00,2026-08-22 02:00:00,6,Raipur,24.8,,0.0
2026-08-15 02:00:00,2026-08-22 02:00:00,7,Raipur,24.3,,0.1
2026-08-21 03:00:00,2026-08-22 03:00:00,1,Raipur,24.2,,0.1
2026-08-20 03:00:00,2026-08-22 03:00:00,2,Raipur,24.3,,0.6
2026-08-19 03:00:00,2026-08-22 03:00:00,3,Raipur,24.1,,0.0
2026-08-18 03:00:00,2026-08-22 03:00:00,4,Raipur,25.2,,0.5
2026-08-17 03:00:00,2026-08-22 03:00:00,5,Raipur,24.4,,0.0
2026-08-16 03:00:00,2026-08-22 03:00:00,6,Raipur,24.6,,0.0
2026-08-15 03:00:00,2026-08-22 03:00:00,7,Raipur,24.3,,0.1
2026-08-21 04:00:00,2026-08-22 04:00:00,1,Raipur,24.2,,0.3
2026-08-20 04:00:00,2026-08-22 04:00:00,2,Raipur,24.3,,0.4
2026-08-19 04:00:00,2026-08-22 04:00:00,3,Raipur,24.1,,0.0
2026-08-18 04:00:00,2026-08-22 04:00:00,4,Raipur,24.4,,0.5
2026-08-17 04:00:00,2026-08-22 04:00:00,5,Raipur,24.3,,0.0
2026-08-16 04:00:00,2026-08-22 04:00:00,6,Raipur,24.5,,0.0
2026-08-15 04:00:00,2026-08-22 04:00:00,7,Raipur,24.3,,0.1
2026-08-21 05:00:00,2026-08-22 05:00:00,1,Raipur,24.2,,0.7
2026-08-20 05:00:00,2026-08-22 05:00:00,2,Raipur,24.9,,0.0
2026-08-19 05:00:00,2026-08-22 05:00:00,3,Raipur,24.6,,0.3
2026-08-18 05:00:00,2026-08-22 05:00:00,4,Raipur,24.3,,0.2
2026-08-17 05:00:00,2026-08-22 05:00:00,5,Raipur,24.9,,0.0
2026-08-16 05:00:00,2026-08-22 05:00:00,6,Raipur,24.8,,0.0
2026-08-15 05:00:00,2026-08-22 05:00:00,7,Raipur,24.2,,0.3
2026-08-21 06:00:00,2026-08-22 06:00:00,1,Raipur,24.2,,1.5
2026-08-20 06:00:00,2026-08-22 06:00:00,2,Raipur,25.1,,0.0
2026-08-19 06:00:00,2026-08-22 06:00:00,3,Raipur,24.7,,0.2
2026-08-18 06:00:00,2026-08-22 06:00:00,4,Raipur,24.1,,0.4
2026-08-17 06:00:00,2026-08-22 06:00:00,5,Raipur,25.3,,0.0
2026-08-16 06:00:00,2026-08-22 06:00:00,6,Raipur,25.1,,0.1
2026-08-15 06:00:00,2026-08-22 06:00:00,7,Raipur,24.8,,0.1
2026-08-21 07:00:00,2026-08-22 07:00:00,1,Raipur,24.4,,2.3
2026-08-20 07:00:00,2026-08-22 07:00:00,2,Raipur,25.4,,0.4
2026-08-19 07:00:00,2026-08-22 07:00:00,3,Raipur,24.8,,2.7
2026-08-18 07:00:00,2026-08-22 07:00:00,4,Raipur,24.1,,0.4
2026-08-17 07:00:00,2026-08-22 07:00:00,5,Raipur,26.1,,0.0
2026-08-16 07:00:00,2026-08-22 07:00:00,6,Raipur,25.6,,0.1
2026-08-15 07:00:00,2026-08-22 07:00:00,7,Raipur,25.9,,0.1
2026-08-21 08:00:00,2026-08-22 08:00:00,1,Raipur,25.0,,2.9
2026-08-20 08:00:00,2026-08-22 08:00:00,2,Raipur,26.3,,0.3
2026-08-19 08:00:00,2026-08-22 08:00:00,3,Raipur,25.3,,1.4
2026-08-18 08:00:00,2026-08-22 08:00:00,4,Raipur,24.3,,0.4
2026-08-17 08:00:00,2026-08-22 08:00:00,5,Raipur,26.8,,0.0
2026-08-16 08:00:00,2026-08-22 08:00:00,6,Raipur,26.1,,0.1
2026-08-15 08:00:00,2026-08-22 08:00:00,7,Raipur,27.1,,0.1
2026-08-21 09:00:00,2026-08-22 09:00:00,1,Raipur,25.9,,1.4
2026-08-20 09:00:00,2026-08-22 09:00:00,2,Raipur,27.1,,0.2
2026-08-19 09:00:00,2026-08-22 09:00:00,3,Raipur,25.9,,1.0
2026-08-18 09:00:00,2026-08-22 09:00:00,4,Raipur,24.9,,0.3
2026-08-17 09:00:00,2026-08-22 09:00:00,5,Raipur,27.7,,0.1
2026-08-16 09:00:00,2026-08-22 09:00:00,6,Raipur,26.6,,0.1
2026-08-15 09:00:00,2026-08-22 09:00:00,7,Raipur,28.2,,0.1
2026-08-21 10:00:00,2026-08-22 10:00:00,1,Raipur,27.2,,0.6
2026-08-20 10:00:00,2026-08-22 10:00:00,2,Raipur,26.3,,1.4
2026-08-19 10:00:00,2026-08-22 10:00:00,3,Raipur,27.0,,0.3
2026-08-18 10:00:00,2026-08-22 10:00:00,4,Raipur,25.8,,0.3
2026-08-17 10:00:00,2026-08-22 10:00:00,5,Raipur,28.7,,0.1
2026-08-16 10:00:00,2026-08-22 10:00:00,6,Raipur,27.1,,0.1
2026-08-15 10:00:00,2026-08-22 10:00:00,7,Raipur,29.2,,0.1
2026-08-21 11:00:00,2026-08-22 11:00:00,1,Raipur,27.6,,0.6
2026-08-20 11:00:00,2026-08-22 11:00:00,2,Raipur,29.1,,0.2
2026-08-19 11:00:00,2026-08-22 11:00:00,3,Raipur,27.4,,0.2
2026-08-18 11:00:00,2026-08-22 11:00:00,4,Raipur,25.6,,2.8
2026-08-17 11:00:00,2026-08-22 11:00:00,5,Raipur,27.9,,0.1
2026-08-16 11:00:00,2026-08-22 11:00:00,6,Raipur,27.3,,0.1
2026-08-15 11:00:00,2026-08-22 11:00:00,7,Raipur,29.6,,0.1
2026-08-21 12:00:00,2026-08-22 12:00:00,1,Raipur,29.5,,0.3
2026-08-20 12:00:00,2026-08-22 12:00:00,2,Raipur,29.3,,0.3
2026-08-19 12:00:00,2026-08-22 12:00:00,3,Raipur,27.9,,0.4
2026-08-18 12:00:00,2026-08-22 12:00:00,4,Raipur,26.3,,0.7
2026-08-17 12:00:00,2026-08-22 12:00:00,5,Raipur,28.3,,0.2
2026-08-16 12:00:00,2026-08-22 12:00:00,6,Raipur,27.4,,0.4
2026-08-15 12:00:00,2026-08-22 12:00:00,7,Raipur,29.6,,1.1
2026-08-21 13:00:00,2026-08-22 13:00:00,1,Raipur,30.4,,0.2
2026-08-20 13:00:00,2026-08-22 13:00:00,2,Raipur,29.9,,0.4
2026-08-19 13:00:00,2026-08-22 13:00:00,3,Raipur,27.7,,0.5
2026-08-18 13:00:00,2026-08-22 13:00:00,4,Raipur,27.1,,0.7
2026-08-17 13:00:00,2026-08-22 13:00:00,5,Raipur,28.7,,0.2
2026-08-16 13:00:00,2026-08-22 13:00:00,6,Raipur,27.3,,0.4
2026-08-15 13:00:00,2026-08-22 13:00:00,7,Raipur,29.1,,1.1
2026-08-21 14:00:00,2026-08-22 14:00:00,1,Raipur,30.9,,0.2
2026-08-20 14:00:00,2026-08-22 14:00:00,2,Raipur,29.4,,0.4
2026-08-19 14:00:00,2026-08-22 14:00:00,3,Raipur,27.3,,0.6
2026-08-18 14:00:00,2026-08-22 14:00:00,4,Raipur,27.6,,0.7
2026-08-17 14:00:00,2026-08-22 14:00:00,5,Raipur,28.8,,0.2
2026-08-16 14:00:00,2026-08-22 14:00:00,6,Raipur,27.1,,0.4
2026-08-15 14:00:00,2026-08-22 14:00:00,7,Raipur,28.4,,1.1
2026-08-21 15:00:00,2026-08-22 15:00:00,1,Raipur,26.5,,3.2
2026-08-20 15:00:00,2026-08-22 15:00:00,2,Raipur,26.6,,3.7
2026-08-19 15:00:00,2026-08-22 15:00:00,3,Raipur,28.3,,0.2
2026-08-18 15:00:00,2026-08-22 15:00:00,4,Raipur,27.3,,0.9
2026-08-17 15:00:00,2026-08-22 15:00:00,5,Raipur,28.1,,0.2
2026-08-16 15:00:00,2026-08-22 15:00:00,6,Raipur,26.8,,0.4
2026-08-15 15:00:00,2026-08-22 15:00:00,7,Raipur,27.6,,1.1
2026-08-21 16:00:00,2026-08-22 16:00:00,1,Raipur,26.2,,2.0
2026-08-20 16:00:00,2026-08-22 16:00:00,2,Raipur,25.9,,3.1
2026-08-19 16:00:00,2026-08-22 16:00:00,3,Raipur,27.9,,0.1
2026-08-18 16:00:00,2026-08-22 16:00:00,4,Raipur,26.6,,0.9
2026-08-17 16:00:00,2026-08-22 16:00:00,5,Raipur,27.1,,0.2
2026-08-16 16:00:00,2026-08-22 16:00:00,6,Raipur,26.6,,0.4
2026-08-15 16:00:00,2026-08-22 16:00:00,7,Raipur,26.8,,1.1
2026-08-21 17:00:00,2026-08-22 17:00:00,1,Raipur,26.6,,0.4
2026-08-20 17:00:00,2026-08-22 17:00:00,2,Raipur,26.1,,1.6
2026-08-19 17:00:00,2026-08-22 17:00:00,3,Raipur,25.4,,0.6
2026-08-18 17:00:00,2026-08-22 17:00:00,4,Raipur,28.2,,0.3
2026-08-17 17:00:00,2026-08-22 17:00:00,5,Raipur,26.9,,0.1
2026-08-16 17:00:00,2026-08-22 17:00:00,6,Raipur,26.7,,0.7
2026-08-15 17:00:00,2026-08-22 17:00:00,7,Raipur,27.8,,0.1
2026-08-21 18:00:00,2026-08-22 18:00:00,1,Raipur,25.9,,0.5
2026-08-20 18:00:00,2026-08-22 18:00:00,2,Raipur,25.7,,0.9
2026-08-19 18:00:00,2026-08-22 18:00:00,3,Raipur,24.9,,0.5
2026-08-18 18:00:00,2026-08-22 18:00:00,4,Raipur,27.5,,0.0
2026-08-17 18:00:00,2026-08-22 18:00:00,5,Raipur,26.7,,0.0
2026-08-16 18:00:00,2026-08-22 18:00:00,6,Raipur,26.4,,0.1
2026-08-15 18:00:00,2026-08-22 18:00:00,7,Raipur,27.5,,0.0
2026-08-21 19:00:00,2026-08-22 19:00:00,1,Raipur,25.6,,0.5
2026-08-20 19:00:00,2026-08-22 19:00:00,2,Raipur,25.2,,0.3
2026-08-19 19:00:00,2026-08-22 19:00:00,3,Raipur,24.7,,0.7
2026-08-18 19:00:00,2026-08-22 19:00:00,4,Raipur,26.6,,0.0
2026-08-17 19:00:00,2026-08-22 19:00:00,5,Raipur,26.4,,0.0
2026-08-16 19:00:00,2026-08-22 19:00:00,6,Raipur,26.0,,0.1
2026-08-15 19:00:00,2026-08-22 19:00:00,7,Raipur,27.0,,0.0
2026-08-21 20:00:00,2026-08-22 20:00:00,1,Raipur,25.4,,0.3
2026-08-20 20:00:00,2026-08-22 20:00:00,2,Raipur,24.8,,0.1
2026-08-19 20:00:00,2026-08-22 20:00:00,3,Raipur,24.8,,0.3
2026-08-18 20:00:00,2026-08-22 20:00:00,4,Raipur,25.8,,0.0
2026-08-17 20:00:00,2026-08-22 20:00:00,5,Raipur,26.0,,0.0
2026-08-16 20:00:00,2026-08-22 20:00:00,6,Raipur,25.7,,0.1
2026-08-15 20:00:00,2026-08-22 20:00:00,7,Raipur,26.5,,0.0
2026-08-21 21:00:00,2026-08-22 21:00:00,1,Raipur,25.1,,0.3
2026-08-20 21:00:00,2026-08-22 21:00:00,2,Raipur,24.5,,0.8
2026-08-19 21:00:00,2026-08-22 21:00:00,3,Raipur,24.5,,0.1
2026-08-18 21:00:00,2026-08-22 21:00:00,4,Raipur,25.4,,0.0
2026-08-17 21:00:00,2026-08-22 21:00:00,5,Raipur,25.7,,0.0
2026-08-16 21:00:00,2026-08-22 21:00:00,6,Raipur,25.4,,0.1
2026-08-15 21:00:00,2026-08-22 21:00:00,7,Raipur,26.0,,0.0
2026-08-21 22:00:00,2026-08-22 22:00:00,1,Raipur,24.9,,0.2
2026-08-20 22:00:00,2026-08-22 22:00:00,2,Raipur,24.3,,3.1
2026-08-19 22:00:00,2026-08-22 22:00:00,3,Raipur,24.4,,0.3
2026-08-18 22:00:00,2026-08-22 22:00:00,4,Raipur,25.2,,0.0
2026-08-17 22:00:00,2026-08-22 22:00:00,5,Raipur,25.5,,0.0
2026-08-16 22:00:00,2026-08-22 22:00:00,6,Raipur,25.1,,0.1
2026-08-15 22:00:00,2026-08-22 22:00:00,7,Raipur,25.6,,0.0
2026-08-21 23:00:00,2026-08-22 23:00:00,1,Raipur,24.3,,0.5
2026-08-20 23:00:00,2026-08-22 23:00:00,2,Raipur,24.7,,0.9
2026-08-19 23:00:00,2026-08-22 23:00:00,3,Raipur,24.8,,0.0
2026-08-18 23:00:00,2026-08-22 23:00:00,4,Raipur,25.2,,0.0
2026-08-17 23:00:00,2026-08-22 23:00:00,5,Raipur,25.6,,0.0
2026-08-16 23:00:00,2026-08-22 23:00:00,6,Raipur,24.9,,0.1
2026-08-15 23:00:00,2026-08-22 23:00:00,7,Raipur,25.2,,0.0
2026-08-22 00:00:00,2026-08-23 00:00:00,1,Raipur,24.3,,0.2
2026-08-21 00:00:00,2026-08-23 00:00:00,2,Raipur,24.5,,0.4
2026-08-20 00:00:00,2026-08-23 00:00:00,3,Raipur,24.8,,0.1
2026-08-19 00:00:00,2026-08-23 00:00:00,4,Raipur,25.0,,0.0
2026-08-18 00:00:00,2026-08-23 00:00:00,5,Raipur,25.3,,0.0
2026-08-17 00:00:00,2026-08-23 00:00:00,6,Raipur,24.7,,0.0
2026-08-16 00:00:00,2026-08-23 00:00:00,7,Raipur,24.9,,0.0
2026-08-22 01:00:00,2026-08-23 01:00:00,1,Raipur,24.3,,0.1
2026-08-21 01:00:00,2026-08-23 01:00:00,2,Raipur,24.2,,1.5
2026-08-20 01:00:00,2026-08-23 01:00:00,3,Raipur,24.8,,0.2
2026-08-19 01:00:00,2026-08-23 01:00:00,4,Raipur,24.8,,0.0
2026-08-18 01:00:00,2026-08-23 01:00:00,5,Raipur,25.1,,0.0
2026-08-17 01:00:00,2026-08-23 01:00:00,6,Raipur,24.4,,0.0
2026-08-16 01:00:00,2026-08-23 01:00:00,7,Raipur,24.6,,0.0
2026-08-22 02:00:00,2026-08-23 02:00:00,1,Raipur,24.4,,0.2
2026-08-21 02:00:00,2026-08-23 02:00:00,2,Raipur,24.1,,3.2
2026-08-20 02:00:00,2026-08-23 02:00:00,3,Raipur,24.8,,0.0
2026-08-19 02:00:00,2026-08-23 02:00:00,4,Raipur,24.6,,0.0
2026-08-18 02:00:00,2026-08-23 02:00:00,5,Raipur,24.9,,0.0
2026-08-17 02:00:00,2026-08-23 02:00:00,6,Raipur,24.2,,0.0
2026-08-16 02:00:00,2026-08-23 02:00:00,7,Raipur,24.4,,0.0
2026-08-22 03:00:00,2026-08-23 03:00:00,1,Raipur,24.0,,0.2
2026-08-21 03:00:00,2026-08-23 03:00:00,2,Raipur,23.9,,2.3
2026-08-20 03:00:00,2026-08-23 03:00:00,3,Raipur,24.7,,0.1
2026-08-19 03:00:00,2026-08-23 03:00:00,4,Raipur,24.3,,0.2
2026-08-18 03:00:00,2026-08-23 03:00:00,5,Raipur,24.8,,0.0
2026-08-17 03:00:00,2026-08-23 03:00:00,6,Raipur,24.1,,0.0
2026-08-16 03:00:00,2026-08-23 03:00:00,7,Raipur,24.3,,0.0
2026-08-22 04:00:00,2026-08-23 04:00:00,1,Raipur,23.7,,1.7
2026-08-21 04:00:00,2026-08-23 04:00:00,2,Raipur,23.8,,3.8
2026-08-20 04:00:00,2026-08-23 04:00:00,3,Raipur,24.8,,0.0
2026-08-19 04:00:00,2026-08-23 04:00:00,4,Raipur,23.9,,0.2
2026-08-18 04:00:00,2026-08-23 04:00:00,5,Raipur,24.8,,0.0
2026-08-17 04:00:00,2026-08-23 04:00:00,6,Raipur,24.1,,0.0
2026-08-16 04:00:00,2026-08-23 04:00:00,7,Raipur,24.3,,0.0
2026-08-22 05:00:00,2026-08-23 05:00:00,1,Raipur,24.2,,2.0
2026-08-21 05:00:00,2026-08-23 05:00:00,2,Raipur,24.1,,3.1
2026-08-20 05:00:00,2026-08-23 05:00:00,3,Raipur,24.5,,0.5
2026-08-19 05:00:00,2026-08-23 05:00:00,4,Raipur,25.0,,0.0
2026-08-18 05:00:00,2026-08-23 05:00:00,5,Raipur,24.9,,0.1
2026-08-17 05:00:00,2026-08-23 05:00:00,6,Raipur,24.4,,0.0
2026-08-16 05:00:00,2026-08-23 05:00:00,7,Raipur,24.6,,0.0
2026-08-22 06:00:00,2026-08-23 06:00:00,1,Raipur,24.2,,1.0
2026-08-21 06:00:00,2026-08-23 06:00:00,2,Raipur,24.1,,3.4
2026-08-20 06:00:00,2026-08-23 06:00:00,3,Raipur,24.7,,1.0
2026-08-19 06:00:00,2026-08-23 06:00:00,4,Raipur,25.0,,0.4
2026-08-18 06:00:00,2026-08-23 06:00:00,5,Raipur,24.8,,0.4
2026-08-17 06:00:00,2026-08-23 06:00:00,6,Raipur,24.9,,0.1
2026-08-16 06:00:00,2026-08-23 06:00:00,7,Raipur,25.0,,0.1
2026-08-22 07:00:00,2026-08-23 07:00:00,1,Raipur,24.7,,0.8
2026-08-21 07:00:00,2026-08-23 07:00:00,2,Raipur,24.7,,1.3
2026-08-20 07:00:00,2026-08-23 07:00:00,3,Raipur,24.9,,0.9
2026-08-19 07:00:00,2026-08-23 07:00:00,4,Raipur,25.1,,0.4
2026-08-18 07:00:00,2026-08-23 07:00:00,5,Raipur,24.6,,0.4
2026-08-17 07:00:00,2026-08-23 07:00:00,6,Raipur,25.7,,0.1
2026-08-16 07:00:00,2026-08-23 07:00:00,7,Raipur,25.6,,0.1
2026-08-22 08:00:00,2026-08-23 08:00:00,1,Raipur,25.4,,1.0
2026-08-21 08:00:00,2026-08-23 08:00:00,2,Raipur,25.0,,1.0
2026-08-20 08:00:00,2026-08-23 08:00:00,3,Raipur,25.9,,0.2
2026-08-19 08:00:00,2026-08-23 08:00:00,4,Raipur,25.2,,0.4
2026-08-18 08:00:00,2026-08-23 08:00:00,5,Raipur,24.6,,0.4
2026-08-17 08:00:00,2026-08-23 08:00:00,6,Raipur,26.7,,0.1
2026-08-16 08:00:00,2026-08-23 08:00:00,7,Raipur,26.3,,0.1
2026-08-22 09:00:00,2026-08-23 09:00:00,1,Raipur,26.2,,0.9
2026-08-21 09:00:00,2026-08-23 09:00:00,2,Raipur,26.4,,0.7
2026-08-20 09:00:00,2026-08-23 09:00:00,3,Raipur,27.6,,0.3
2026-08-19 09:00:00,2026-08-23 09:00:00,4,Raipur,25.3,,2.6
2026-08-18 09:00:00,2026-08-23 09:00:00,5,Raipur,25.1,,1.0
2026-08-17 09:00:00,2026-08-23 09:00:00,6,Raipur,27.6,,0.1
2026-08-16 09:00:00,2026-08-23 09:00:00,7,Raipur,27.0,,0.1
2026-08-22 10:00:00,2026-08-23 10:00:00,1,Raipur,26.9,,0.5
2026-08-21 10:00:00,2026-08-23 10:00:00,2,Raipur,27.0,,0.6
2026-08-20 10:00:00,2026-08-23 10:00:00,3,Raipur,26.6,,1.2
2026-08-19 10:00:00,2026-08-23 10:00:00,4,Raipur,25.4,,2.6
2026-08-18 10:00:00,2026-08-23 10:00:00,5,Raipur,25.8,,1.0
2026-08-17 10:00:00,2026-08-23 10:00:00,6,Raipur,28.3,,0.1
2026-08-16 10:00:00,2026-08-23 10:00:00,7,Raipur,27.6,,0.1
2026-08-22 11:00:00,2026-08-23 11:00:00,1,Raipur,29.8,,0.2
2026-08-21 11:00:00,2026-08-23 11:00:00,2,Raipur,28.4,,0.2
2026-08-20 11:00:00,2026-08-23 11:00:00,3,Raipur,25.1,,1.8
2026-08-19 11:00:00,2026-08-23 11:00:00,4,Raipur,26.9,,0.5
2026-08-18 11:00:00,2026-08-23 11:00:00,5,Raipur,28.8,,0.1
2026-08-17 11:00:00,2026-08-23 11:00:00,6,Raipur,28.7,,0.1
2026-08-16 11:00:00,2026-08-23 11:00:00,7,Raipur,28.0,,0.1
2026-08-22 12:00:00,2026-08-23 12:00:00,1,Raipur,29.6,,0.2
2026-08-21 12:00:00,2026-08-23 12:00:00,2,Raipur,29.6,,0.1
2026-08-20 12:00:00,2026-08-23 12:00:00,3,Raipur,25.4,,2.6
2026-08-19 12:00:00,2026-08-23 12:00:00,4,Raipur,27.6,,0.4
2026-08-18 12:00:00,2026-08-23 12:00:00,5,Raipur,29.5,,0.2
2026-08-17 12:00:00,2026-08-23 12:00:00,6,Raipur,28.8,,0.7
2026-08-16 12:00:00,2026-08-23 12:00:00,7,Raipur,28.3,,0.1
2026-08-22 13:00:00,2026-08-23 13:00:00,1,Raipur,29.7,,0.2
2026-08-21 13:00:00,2026-08-23 13:00:00,2,Raipur,29.6,,0.2
2026-08-20 13:00:00,2026-08-23 13:00:00,3,Raipur,25.8,,2.0
2026-08-19 13:00:00,2026-08-23 13:00:00,4,Raipur,28.2,,0.4
2026-08-18 13:00:00,2026-08-23 13:00:00,5,Raipur,30.1,,0.2
2026-08-17 13:00:00,2026-08-23 13:00:00,6,Raipur,28.5,,0.7
2026-08-16 13:00:00,2026-08-23 13:00:00,7,Raipur,28.4,,0.1
2026-08-22 14:00:00,2026-08-23 14:00:00,1,Raipur,30.6,,0.1
2026-08-21 14:00:00,2026-08-23 14:00:00,2,Raipur,29.7,,0.1
2026-08-20 14:00:00,2026-08-23 14:00:00,3,Raipur,27.4,,0.7
2026-08-19 14:00:00,2026-08-23 14:00:00,4,Raipur,28.5,,0.4
2026-08-18 14:00:00,2026-08-23 14:00:00,5,Raipur,30.3,,0.2
2026-08-17 14:00:00,2026-08-23 14:00:00,6,Raipur,28.1,,0.7
2026-08-16 14:00:00,2026-08-23 14:00:00,7,Raipur,28.4,,0.1
2026-08-22 15:00:00,2026-08-23 15:00:00,1,Raipur,29.5,,0.4
2026-08-21 15:00:00,2026-08-23 15:00:00,2,Raipur,27.8,,1.6
2026-08-20 15:00:00,2026-08-23 15:00:00,3,Raipur,27.4,,0.1
2026-08-19 15:00:00,2026-08-23 15:00:00,4,Raipur,28.2,,0.1
2026-08-18 15:00:00,2026-08-23 15:00:00,5,Raipur,30.1,,0.1
2026-08-17 15:00:00,2026-08-23 15:00:00,6,Raipur,27.6,,0.7
2026-08-16 15:00:00,2026-08-23 15:00:00,7,Raipur,28.4,,0.1
2026-08-22 16:00:00,2026-08-23 16:00:00,1,Raipur,26.4,,3.3
2026-08-21 16:00:00,2026-08-23 16:00:00,2,Raipur,26.5,,3.0
2026-08-20 16:00:00,2026-08-23 16:00:00,3,Raipur,26.8,,0.0
2026-08-19 16:00:00,2026-08-23 16:00:00,4,Raipur,27.6,,0.1
2026-08-18 16:00:00,2026-08-23 16:00:00,5,Raipur,29.5,,0.1
2026-08-17 16:00:00,2026-08-23 16:00:00,6,Raipur,27.1,,0.7
2026-08-16 16:00:00,2026-08-23 16:00:00,7,Raipur,28.3,,0.1
2026-08-22 17:00:00,2026-08-23 17:00:00,1,Raipur,26.8,,1.6
2026-08-21 17:00:00,2026-08-23 17:00:00,2,Raipur,27.1,,1.0
2026-08-20 17:00:00,2026-08-23 17:00:00,3,Raipur,26.4,,0.4
2026-08-19 17:00:00,2026-08-23 17:00:00,4,Raipur,28.1,,0.2
2026-08-18 17:00:00,2026-08-23 17:00:00,5,Raipur,28.6,,0.0
2026-08-17 17:00:00,2026-08-23 17:00:00,6,Raipur,28.6,,0.4
2026-08-16 17:00:00,2026-08-23 17:00:00,7,Raipur,27.5,,0.7
2026-08-22 18:00:00,2026-08-23 18:00:00,1,Raipur,26.7,,0.8
2026-08-21 18:00:00,2026-08-23 18:00:00,2,Raipur,25.9,,0.8
2026-08-20 18:00:00,2026-08-23 18:00:00,3,Raipur,25.9,,0.1
2026-08-19 18:00:00,2026-08-23 18:00:00,4,Raipur,27.7,,0.0
2026-08-18 18:00:00,2026-08-23 18:00:00,5,Raipur,28.0,,0.0
2026-08-17 18:00:00,2026-08-23 18:00:00,6,Raipur,28.1,,0.0
2026-08-16 18:00:00,2026-08-23 18:00:00,7,Raipur,27.1,,0.7
2026-08-22 19:00:00,2026-08-23 19:00:00,1,Raipur,26.2,,0.5
2026-08-21 19:00:00,2026-08-23 19:00:00,2,Raipur,25.2,,1.1
2026-08-20 19:00:00,2026-08-23 19:00:00,3,Raipur,25.4,,0.1
2026-08-19 19:00:00,2026-08-23 19:00:00,4,Raipur,27.0,,0.0
2026-08-18 19:00:00,2026-08-23 19:00:00,5,Raipur,27.2,,0.0
2026-08-17 19:00:00,2026-08-23 19:00:00,6,Raipur,27.5,,0.0
2026-08-16 19:00:00,2026-08-23 19:00:00,7,Raipur,26.7,,0.7
2026-08-22 20:00:00,2026-08-23 20:00:00,1,Raipur,26.2,,0.2
2026-08-21 20:00:00,2026-08-23 20:00:00,2,Raipur,25.4,,0.7
2026-08-20 20:00:00,2026-08-23 20:00:00,3,Raipur,25.0,,0.1
2026-08-19 20:00:00,2026-08-23 20:00:00,4,Raipur,26.5,,0.0
2026-08-18 20:00:00,2026-08-23 20:00:00,5,Raipur,26.6,,0.0
2026-08-17 20:00:00,2026-08-23 20:00:00,6,Raipur,26.8,,0.0
2026-08-16 20:00:00,2026-08-23 20:00:00,7,Raipur,26.2,,0.7
2026-08-22 21:00:00,2026-08-23 21:00:00,1,Raipur,26.1,,0.1
2026-08-21 21:00:00,2026-08-23 21:00:00,2,Raipur,25.2,,0.1
2026-08-20 21:00:00,2026-08-23 21:00:00,3,Raipur,24.5,,1.0
2026-08-19 21:00:00,2026-08-23 21:00:00,4,Raipur,26.0,,0.0
2026-08-18 21:00:00,2026-08-23 21:00:00,5,Raipur,26.0,,0.1
2026-08-17 21:00:00,2026-08-23 21:00:00,6,Raipur,26.2,,0.0
2026-08-16 21:00:00,2026-08-23 21:00:00,7,Raipur,25.8,,0.7
2026-08-22 22:00:00,2026-08-23 22:00:00,1,Raipur,25.8,,0.0
2026-08-21 22:00:00,2026-08-23 22:00:00,2,Raipur,25.1,,0.1
2026-08-20 22:00:00,2026-08-23 22:00:00,3,Raipur,24.2,,2.5
2026-08-19 22:00:00,2026-08-23 22:00:00,4,Raipur,25.7,,0.0
2026-08-18 22:00:00,2026-08-23 22:00:00,5,Raipur,25.6,,0.1
2026-08-17 22:00:00,2026-08-23 22:00:00,6,Raipur,25.6,,0.0
2026-08-16 22:00:00,2026-08-23 22:00:00,7,Raipur,25.4,,0.7
2026-08-22 23:00:00,2026-08-23 23:00:00,1,Raipur,25.0,,0.1
2026-08-21 23:00:00,2026-08-23 23:00:00,2,Raipur,24.3,,0.1
2026-08-20 23:00:00,2026-08-23 23:00:00,3,Raipur,24.2,,2.6
2026-08-19 23:00:00,2026-08-23 23:00:00,4,Raipur,24.6,,0.9
2026-08-18 23:00:00,2026-08-23 23:00:00,5,Raipur,24.9,,0.0
2026-08-17 23:00:00,2026-08-23 23:00:00,6,Raipur,25.1,,0.0
2026-08-16 23:00:00,2026-08-23 23:00:00,7,Raipur,25.1,,0.7
2026-08-23 00:00:00,2026-08-24 00:00:00,1,Raipur,24.8,,0.1
2026-08-22 00:00:00,2026-08-24 00:00:00,2,Raipur,24.3,,0.2
2026-08-21 00:00:00,2026-08-24 00:00:00,3,Raipur,24.0,,3.7
2026-08-20 00:00:00,2026-08-24 00:00:00,4,Raipur,24.3,,1.0
2026-08-19 00:00:00,2026-08-24 00:00:00,5,Raipur,24.7,,0.5
2026-08-18 00:00:00,2026-08-24 00:00:00,6,Raipur,24.8,,0.0
2026-08-17 00:00:00,2026-08-24 00:00:00,7,Raipur,24.8,,0.0
2026-08-23 01:00:00,2026-08-24 01:00:00,1,Raipur,24.4,,0.9
2026-08-22 01:00:00,2026-08-24 01:00:00,2,Raipur,24.3,,0.1
2026-08-21 01:00:00,2026-08-24 01:00:00,3,Raipur,23.7,,6.7
2026-08-20 01:00:00,2026-08-24 01:00:00,4,Raipur,24.0,,1.0
2026-08-19 01:00:00,2026-08-24 01:00:00,5,Raipur,24.5,,0.5
2026-08-18 01:00:00,2026-08-24 01:00:00,6,Raipur,24.5,,0.0
2026-08-17 01:00:00,2026-08-24 01:00:00,7,Raipur,24.6,,0.0
2026-08-23 02:00:00,2026-08-24 02:00:00,1,Raipur,24.3,,2.4
2026-08-22 02:00:00,2026-08-24 02:00:00,2,Raipur,24.3,,0.1
2026-08-21 02:00:00,2026-08-24 02:00:00,3,Raipur,23.9,,1.5
2026-08-20 02:00:00,2026-08-24 02:00:00,4,Raipur,23.9,,1.0
2026-08-19 02:00:00,2026-08-24 02:00:00,5,Raipur,24.3,,0.5
2026-08-18 02:00:00,2026-08-24 02:00:00,6,Raipur,24.2,,0.0
2026-08-17 02:00:00,2026-08-24 02:00:00,7,Raipur,24.4,,0.0
2026-08-23 03:00:00,2026-08-24 03:00:00,1,Raipur,24.1,,1.6
2026-08-22 03:00:00,2026-08-24 03:00:00,2,Raipur,23.6,,1.9
2026-08-21 03:00:00,2026-08-24 03:00:00,3,Raipur,23.6,,4.4
2026-08-20 03:00:00,2026-08-24 03:00:00,4,Raipur,23.9,,1.0
2026-08-19 03:00:00,2026-08-24 03:00:00,5,Raipur,24.2,,0.9
2026-08-18 03:00:00,2026-08-24 03:00:00,6,Raipur,24.1,,0.0
2026-08-17 03:00:00,2026-08-24 03:00:00,7,Raipur,24.2,,0.0
2026-08-23 04:00:00,2026-08-24 04:00:00,1,Raipur,23.9,,1.0
2026-08-22 04:00:00,2026-08-24 04:00:00,2,Raipur,23.8,,3.3
2026-08-21 04:00:00,2026-08-24 04:00:00,3,Raipur,23.6,,7.2
2026-08-20 04:00:00,2026-08-24 04:00:00,4,Raipur,24.0,,1.0
2026-08-19 04:00:00,2026-08-24 04:00:00,5,Raipur,24.1,,0.9
2026-08-18 04:00:00,2026-08-24 04:00:00,6,Raipur,24.2,,0.0
2026-08-17 04:00:00,2026-08-24 04:00:00,7,Raipur,24.2,,0.0
2026-08-23 05:00:00,2026-08-24 05:00:00,1,Raipur,24.8,,0.3
2026-08-22 05:00:00,2026-08-24 05:00:00,2,Raipur,24.0,,0.7
2026-08-21 05:00:00,2026-08-24 05:00:00,3,Raipur,23.8,,0.3
2026-08-20 05:00:00,2026-08-24 05:00:00,4,Raipur,24.2,,0.7
2026-08-19 05:00:00,2026-08-24 05:00:00,5,Raipur,25.0,,0.0
2026-08-18 05:00:00,2026-08-24 05:00:00,6,Raipur,24.6,,0.0
2026-08-17 05:00:00,2026-08-24 05:00:00,7,Raipur,24.4,,0.0
2026-08-23 06:00:00,2026-08-24 06:00:00,1,Raipur,24.7,,2.0
2026-08-22 06:00:00,2026-08-24 06:00:00,2,Raipur,24.2,,0.6
2026-08-21 06:00:00,2026-08-24 06:00:00,3,Raipur,24.1,,0.2
2026-08-20 06:00:00,2026-08-24 06:00:00,4,Raipur,24.4,,0.5
2026-08-19 06:00:00,2026-08-24 06:00:00,5,Raipur,24.9,,0.2
2026-08-18 06:00:00,2026-08-24 06:00:00,6,Raipur,25.2,,1.6
2026-08-17 06:00:00,2026-08-24 06:00:00,7,Raipur,24.9,,0.0
2026-08-23 07:00:00,2026-08-24 07:00:00,1,Raipur,25.0,,2.2
2026-08-22 07:00:00,2026-08-24 07:00:00,2,Raipur,24.2,,1.8
2026-08-21 07:00:00,2026-08-24 07:00:00,3,Raipur,24.6,,1.3
2026-08-20 07:00:00,2026-08-24 07:00:00,4,Raipur,24.8,,0.5
2026-08-19 07:00:00,2026-08-24 07:00:00,5,Raipur,24.9,,0.2
2026-08-18 07:00:00,2026-08-24 07:00:00,6,Raipur,26.1,,1.6
2026-08-17 07:00:00,2026-08-24 07:00:00,7,Raipur,25.7,,0.0
2026-08-23 08:00:00,2026-08-24 08:00:00,1,Raipur,25.2,,1.8
2026-08-22 08:00:00,2026-08-24 08:00:00,2,Raipur,24.8,,2.0
2026-08-21 08:00:00,2026-08-24 08:00:00,3,Raipur,24.9,,1.4
2026-08-20 08:00:00,2026-08-24 08:00:00,4,Raipur,25.4,,0.5
2026-08-19 08:00:00,2026-08-24 08:00:00,5,Raipur,25.3,,0.2
2026-08-18 08:00:00,2026-08-24 08:00:00,6,Raipur,27.1,,1.6
2026-08-17 08:00:00,2026-08-24 08:00:00,7,Raipur,26.7,,0.0
2026-08-23 09:00:00,2026-08-24 09:00:00,1,Raipur,25.8,,3.0
2026-08-22 09:00:00,2026-08-24 09:00:00,2,Raipur,25.1,,1.1
2026-08-21 09:00:00,2026-08-24 09:00:00,3,Raipur,25.6,,0.9
2026-08-20 09:00:00,2026-08-24 09:00:00,4,Raipur,26.8,,0.1
2026-08-19 09:00:00,2026-08-24 09:00:00,5,Raipur,26.5,,0.1
2026-08-18 09:00:00,2026-08-24 09:00:00,6,Raipur,28.1,,1.6
2026-08-17 09:00:00,2026-08-24 09:00:00,7,Raipur,27.6,,0.0
2026-08-23 10:00:00,2026-08-24 10:00:00,1,Raipur,26.0,,2.0
2026-08-22 10:00:00,2026-08-24 10:00:00,2,Raipur,25.6,,1.9
2026-08-21 10:00:00,2026-08-24 10:00:00,3,Raipur,26.0,,0.7
2026-08-20 10:00:00,2026-08-24 10:00:00,4,Raipur,28.6,,0.1
2026-08-19 10:00:00,2026-08-24 10:00:00,5,Raipur,28.1,,0.1
2026-08-18 10:00:00,2026-08-24 10:00:00,6,Raipur,28.9,,1.6
2026-08-17 10:00:00,2026-08-24 10:00:00,7,Raipur,28.4,,0.0
2026-08-23 11:00:00,2026-08-24 11:00:00,1,Raipur,26.1,,3.3
2026-08-22 11:00:00,2026-08-24 11:00:00,2,Raipur,25.3,,1.8
2026-08-21 11:00:00,2026-08-24 11:00:00,3,Raipur,27.7,,0.5
2026-08-20 11:00:00,2026-08-24 11:00:00,4,Raipur,27.6,,0.8
2026-08-19 11:00:00,2026-08-24 11:00:00,5,Raipur,29.5,,0.0
2026-08-18 11:00:00,2026-08-24 11:00:00,6,Raipur,29.3,,1.6
2026-08-17 11:00:00,2026-08-24 11:00:00,7,Raipur,28.8,,0.0
2026-08-23 12:00:00,2026-08-24 12:00:00,1,Raipur,27.2,,1.0
2026-08-22 12:00:00,2026-08-24 12:00:00,2,Raipur,26.0,,1.2
2026-08-21 12:00:00,2026-08-24 12:00:00,3,Raipur,28.8,,0.1
2026-08-20 12:00:00,2026-08-24 12:00:00,4,Raipur,27.9,,1.5
2026-08-19 12:00:00,2026-08-24 12:00:00,5,Raipur,29.4,,0.4
2026-08-18 12:00:00,2026-08-24 12:00:00,6,Raipur,29.2,,1.0
2026-08-17 12:00:00,2026-08-24 12:00:00,7,Raipur,28.9,,0.3
2026-08-23 13:00:00,2026-08-24 13:00:00,1,Raipur,28.5,,1.0
2026-08-22 13:00:00,2026-08-24 13:00:00,2,Raipur,26.9,,0.3
2026-08-21 13:00:00,2026-08-24 13:00:00,3,Raipur,29.6,,0.1
2026-08-20 13:00:00,2026-08-24 13:00:00,4,Raipur,27.9,,1.5
2026-08-19 13:00:00,2026-08-24 13:00:00,5,Raipur,28.8,,0.4
2026-08-18 13:00:00,2026-08-24 13:00:00,6,Raipur,28.9,,1.0
2026-08-17 13:00:00,2026-08-24 13:00:00,7,Raipur,28.8,,0.3
2026-08-23 14:00:00,2026-08-24 14:00:00,1,Raipur,27.8,,1.8
2026-08-22 14:00:00,2026-08-24 14:00:00,2,Raipur,26.3,,0.2
2026-08-21 14:00:00,2026-08-24 14:00:00,3,Raipur,27.2,,0.8
2026-08-20 14:00:00,2026-08-24 14:00:00,4,Raipur,27.6,,1.5
2026-08-19 14:00:00,2026-08-24 14:00:00,5,Raipur,28.2,,0.4
2026-08-18 14:00:00,2026-08-24 14:00:00,6,Raipur,28.3,,1.0
2026-08-17 14:00:00,2026-08-24 14:00:00,7,Raipur,28.6,,0.3
2026-08-23 15:00:00,2026-08-24 15:00:00,1,Raipur,27.1,,1.3
2026-08-22 15:00:00,2026-08-24 15:00:00,2,Raipur,27.3,,0.1
2026-08-21 15:00:00,2026-08-24 15:00:00,3,Raipur,27.4,,0.4
2026-08-20 15:00:00,2026-08-24 15:00:00,4,Raipur,27.0,,3.8
2026-08-19 15:00:00,2026-08-24 15:00:00,5,Raipur,27.7,,1.3
2026-08-18 15:00:00,2026-08-24 15:00:00,6,Raipur,27.7,,1.0
2026-08-17 15:00:00,2026-08-24 15:00:00,7,Raipur,28.2,,0.3
2026-08-23 16:00:00,2026-08-24 16:00:00,1,Raipur,26.2,,4.4
2026-08-22 16:00:00,2026-08-24 16:00:00,2,Raipur,27.4,,0.2
2026-08-21 16:00:00,2026-08-24 16:00:00,3,Raipur,27.0,,0.4
2026-08-20 16:00:00,2026-08-24 16:00:00,4,Raipur,26.2,,3.8
2026-08-19 16:00:00,2026-08-24 16:00:00,5,Raipur,27.2,,1.3
2026-08-18 16:00:00,2026-08-24 16:00:00,6,Raipur,27.0,,1.0
2026-08-17 16:00:00,2026-08-24 16:00:00,7,Raipur,27.8,,0.3
2026-08-23 17:00:00,2026-08-24 17:00:00,1,Raipur,25.8,,1.6
2026-08-22 17:00:00,2026-08-24 17:00:00,2,Raipur,26.6,,2.5
2026-08-21 17:00:00,2026-08-24 17:00:00,3,Raipur,26.4,,2.3
2026-08-20 17:00:00,2026-08-24 17:00:00,4,Raipur,26.5,,0.9
2026-08-19 17:00:00,2026-08-24 17:00:00,5,Raipur,25.4,,2.3
2026-08-18 17:00:00,2026-08-24 17:00:00,6,Raipur,27.3,,0.5
2026-08-17 17:00:00,2026-08-24 17:00:00,7,Raipur,26.5,,1.0
2026-08-23 18:00:00,2026-08-24 18:00:00,1,Raipur,25.7,,0.8
2026-08-22 18:00:00,2026-08-24 18:00:00,2,Raipur,26.4,,1.2
2026-08-21 18:00:00,2026-08-24 18:00:00,3,Raipur,25.8,,1.8
2026-08-20 18:00:00,2026-08-24 18:00:00,4,Raipur,26.2,,0.2
2026-08-19 18:00:00,2026-08-24 18:00:00,5,Raipur,25.0,,0.8
2026-08-18 18:00:00,2026-08-24 18:00:00,6,Raipur,27.0,,0.1
2026-08-17 18:00:00,2026-08-24 18:00:00,7,Raipur,26.2,,0.0
2026-08-23 19:00:00,2026-08-24 19:00:00,1,Raipur,25.8,,0.5
2026-08-22 19:00:00,2026-08-24 19:00:00,2,Raipur,25.7,,0.7
2026-08-21 19:00:00,2026-08-24 19:00:00,3,Raipur,25.0,,3.0
2026-08-20 19:00:00,2026-08-24 19:00:00,4,Raipur,25.7,,0.2
2026-08-19 19:00:00,2026-08-24 19:00:00,5,Raipur,24.9,,0.8
2026-08-18 19:00:00,2026-08-24 19:00:00,6,Raipur,26.6,,0.1
2026-08-17 19:00:00,2026-08-24 19:00:00,7,Raipur,25.9,,0.0
2026-08-23 20:00:00,2026-08-24 20:00:00,1,Raipur,25.3,,1.2
2026-08-22 20:00:00,2026-08-24 20:00:00,2,Raipur,24.5,,2.4
2026-08-21 20:00:00,2026-08-24 20:00:00,3,Raipur,24.7,,2.3
2026-08-20 20:00:00,2026-08-24 20:00:00,4,Raipur,25.3,,0.2
2026-08-19 20:00:00,2026-08-24 20:00:00,5,Raipur,24.8,,0.8
2026-08-18 20:00:00,2026-08-24 20:00:00,6,Raipur,26.3,,0.1
2026-08-17 20:00:00,2026-08-24 20:00:00,7,Raipur,25.8,,0.0
2026-08-23 21:00:00,2026-08-24 21:00:00,1,Raipur,24.9,,4.5
2026-08-22 21:00:00,2026-08-24 21:00:00,2,Raipur,24.6,,1.0
2026-08-21 21:00:00,2026-08-24 21:00:00,3,Raipur,24.5,,1.8
2026-08-20 21:00:00,2026-08-24 21:00:00,4,Raipur,25.0,,0.1
2026-08-19 21:00:00,2026-08-24 21:00:00,5,Raipur,24.7,,1.1
2026-08-18 21:00:00,2026-08-24 21:00:00,6,Raipur,25.9,,0.1
2026-08-17 21:00:00,2026-08-24 21:00:00,7,Raipur,25.6,,0.0
2026-08-23 22:00:00,2026-08-24 22:00:00,1,Raipur,24.6,,3.0
2026-08-22 22:00:00,2026-08-24 22:00:00,2,Raipur,24.6,,0.9
2026-08-21 22:00:00,2026-08-24 22:00:00,3,Raipur,24.4,,2.0
2026-08-20 22:00:00,2026-08-24 22:00:00,4,Raipur,24.9,,0.1
2026-08-19 22:00:00,2026-08-24 22:00:00,5,Raipur,24.6,,1.1
2026-08-18 22:00:00,2026-08-24 22:00:00,6,Raipur,25.6,,0.1
2026-08-17 22:00:00,2026-08-24 22:00:00,7,Raipur,25.5,,0.0
2026-08-23 23:00:00,2026-08-24 23:00:00,1,Raipur,24.9,,2.6
2026-08-22 23:00:00,2026-08-24 23:00:00,2,Raipur,24.4,,2.2
2026-08-21 23:00:00,2026-08-24 23:00:00,3,Raipur,24.3,,1.3
2026-08-20 23:00:00,2026-08-24 23:00:00,4,Raipur,24.4,,0.3
2026-08-19 23:00:00,2026-08-24 23:00:00,5,Raipur,24.7,,0.6
2026-08-18 23:00:00,2026-08-24 23:00:00,6,Raipur,25.3,,0.1
2026-08-17 23:00:00,2026-08-24 23:00:00,7,Raipur,25.4,,0.0
2026-08-24 00:00:00,2026-08-25 00:00:00,1,Raipur,24.8,,1.1
2026-08-23 00:00:00,2026-08-25 00:00:00,2,Raipur,24.3,,1.4
2026-08-22 00:00:00,2026-08-25 00:00:00,3,Raipur,24.2,,1.9
2026-08-21 00:00:00,2026-08-25 00:00:00,4,Raipur,24.1,,1.2
2026-08-20 00:00:00,2026-08-25 00:00:00,5,Raipur,24.6,,0.5
2026-08-19 00:00:00,2026-08-25 00:00:00,6,Raipur,25.1,,0.1
2026-08-18 00:00:00,2026-08-25 00:00:00,7,Raipur,25.3,,0.0
2026-08-24 01:00:00,2026-08-25 01:00:00,1,Raipur,24.5,,0.9
2026-08-23 01:00:00,2026-08-25 01:00:00,2,Raipur,24.3,,1.6
2026-08-22 01:00:00,2026-08-25 01:00:00,3,Raipur,24.0,,1.9
2026-08-21 01:00:00,2026-08-25 01:00:00,4,Raipur,23.8,,1.2
2026-08-20 01:00:00,2026-08-25 01:00:00,5,Raipur,24.5,,0.5
2026-08-19 01:00:00,2026-08-25 01:00:00,6,Raipur,24.9,,0.1
2026-08-18 01:00:00,2026-08-25 01:00:00,7,Raipur,25.1,,0.0
2026-08-24 02:00:00,2026-08-25 02:00:00,1,Raipur,24.3,,1.1
2026-08-23 02:00:00,2026-08-25 02:00:00,2,Raipur,24.3,,0.6
2026-08-22 02:00:00,2026-08-25 02:00:00,3,Raipur,23.9,,1.0
2026-08-21 02:00:00,2026-08-25 02:00:00,4,Raipur,23.6,,1.2
2026-08-20 02:00:00,2026-08-25 02:00:00,5,Raipur,24.4,,0.5
2026-08-19 02:00:00,2026-08-25 02:00:00,6,Raipur,24.7,,0.1
2026-08-18 02:00:00,2026-08-25 02:00:00,7,Raipur,24.9,,0.0
2026-08-24 03:00:00,2026-08-25 03:00:00,1,Raipur,24.5,,2.1
2026-08-23 03:00:00,2026-08-25 03:00:00,2,Raipur,24.2,,0.5
2026-08-22 03:00:00,2026-08-25 03:00:00,3,Raipur,23.8,,1.6
2026-08-21 03:00:00,2026-08-25 03:00:00,4,Raipur,23.6,,0.3
2026-08-20 03:00:00,2026-08-25 03:00:00,5,Raipur,24.3,,0.1
2026-08-19 03:00:00,2026-08-25 03:00:00,6,Raipur,24.6,,0.1
2026-08-18 03:00:00,2026-08-25 03:00:00,7,Raipur,24.8,,0.0
2026-08-24 04:00:00,2026-08-25 04:00:00,1,Raipur,24.2,,2.6
2026-08-23 04:00:00,2026-08-25 04:00:00,2,Raipur,24.0,,0.5
2026-08-22 04:00:00,2026-08-25 04:00:00,3,Raipur,23.7,,0.7
2026-08-21 04:00:00,2026-08-25 04:00:00,4,Raipur,23.7,,0.3
2026-08-20 04:00:00,2026-08-25 04:00:00,5,Raipur,24.2,,0.1
2026-08-19 04:00:00,2026-08-25 04:00:00,6,Raipur,24.7,,0.1
2026-08-18 04:00:00,2026-08-25 04:00:00,7,Raipur,24.9,,0.0
2026-08-24 05:00:00,2026-08-25 05:00:00,1,Raipur,23.8,,3.3
2026-08-23 05:00:00,2026-08-25 05:00:00,2,Raipur,23.9,,3.1
2026-08-22 05:00:00,2026-08-25 05:00:00,3,Raipur,23.7,,1.6
2026-08-21 05:00:00,2026-08-25 05:00:00,4,Raipur,23.7,,2.6
2026-08-20 05:00:00,2026-08-25 05:00:00,5,Raipur,24.1,,1.5
2026-08-19 05:00:00,2026-08-25 05:00:00,6,Raipur,24.8,,0.0
2026-08-18 05:00:00,2026-08-25 05:00:00,7,Raipur,25.0,,0.0
2026-08-24 06:00:00,2026-08-25 06:00:00,1,Raipur,24.1,,1.0
2026-08-23 06:00:00,2026-08-25 06:00:00,2,Raipur,23.8,,2.1
2026-08-22 06:00:00,2026-08-25 06:00:00,3,Raipur,24.0,,1.0
2026-08-21 06:00:00,2026-08-25 06:00:00,4,Raipur,23.9,,1.8
2026-08-20 06:00:00,2026-08-25 06:00:00,5,Raipur,24.3,,1.3
2026-08-19 06:00:00,2026-08-25 06:00:00,6,Raipur,25.5,,0.0
2026-08-18 06:00:00,2026-08-25 06:00:00,7,Raipur,25.5,,0.1
2026-08-24 07:00:00,2026-08-25 07:00:00,1,Raipur,24.4,,0.9
2026-08-23 07:00:00,2026-08-25 07:00:00,2,Raipur,24.0,,3.1
2026-08-22 07:00:00,2026-08-25 07:00:00,3,Raipur,24.2,,0.6
2026-08-21 07:00:00,2026-08-25 07:00:00,4,Raipur,24.1,,1.8
2026-08-20 07:00:00,2026-08-25 07:00:00,5,Raipur,24.5,,1.3
2026-08-19 07:00:00,2026-08-25 07:00:00,6,Raipur,26.6,,0.0
2026-08-18 07:00:00,2026-08-25 07:00:00,7,Raipur,26.3,,0.1
2026-08-24 08:00:00,2026-08-25 08:00:00,1,Raipur,25.2,,0.5
2026-08-23 08:00:00,2026-08-25 08:00:00,2,Raipur,24.4,,3.9
2026-08-22 08:00:00,2026-08-25 08:00:00,3,Raipur,25.3,,0.7
2026-08-21 08:00:00,2026-08-25 08:00:00,4,Raipur,24.4,,1.8
2026-08-20 08:00:00,2026-08-25 08:00:00,5,Raipur,25.0,,1.3
2026-08-19 08:00:00,2026-08-25 08:00:00,6,Raipur,27.9,,0.0
2026-08-18 08:00:00,2026-08-25 08:00:00,7,Raipur,27.2,,0.1
2026-08-24 09:00:00,2026-08-25 09:00:00,1,Raipur,25.1,,0.4
2026-08-23 09:00:00,2026-08-25 09:00:00,2,Raipur,24.5,,3.0
2026-08-22 09:00:00,2026-08-25 09:00:00,3,Raipur,25.5,,1.0
2026-08-21 09:00:00,2026-08-25 09:00:00,4,Raipur,24.5,,4.5
2026-08-20 09:00:00,2026-08-25 09:00:00,5,Raipur,25.8,,0.3
2026-08-19 09:00:00,2026-08-25 09:00:00,6,Raipur,29.0,,0.0
2026-08-18 09:00:00,2026-08-25 09:00:00,7,Raipur,28.0,,0.1
2026-08-24 10:00:00,2026-08-25 10:00:00,1,Raipur,25.9,,0.5
2026-08-23 10:00:00,2026-08-25 10:00:00,2,Raipur,25.0,,3.8
2026-08-22 10:00:00,2026-08-25 10:00:00,3,Raipur,25.6,,0.7
2026-08-21 10:00:00,2026-08-25 10:00:00,4,Raipur,24.7,,4.5
2026-08-20 10:00:00,2026-08-25 10:00:00,5,Raipur,26.9,,0.3
2026-08-19 10:00:00,2026-08-25 10:00:00,6,Raipur,30.0,,0.0
2026-08-18 10:00:00,2026-08-25 10:00:00,7,Raipur,28.7,,0.1
2026-08-24 11:00:00,2026-08-25 11:00:00,1,Raipur,25.7,,1.3
2026-08-23 11:00:00,2026-08-25 11:00:00,2,Raipur,26.3,,0.7
2026-08-22 11:00:00,2026-08-25 11:00:00,3,Raipur,28.0,,0.6
2026-08-21 11:00:00,2026-08-25 11:00:00,4,Raipur,26.7,,0.2
2026-08-20 11:00:00,2026-08-25 11:00:00,5,Raipur,29.1,,1.8
2026-08-19 11:00:00,2026-08-25 11:00:00,6,Raipur,30.4,,0.0
2026-08-18 11:00:00,2026-08-25 11:00:00,7,Raipur,29.0,,0.1
2026-08-24 12:00:00,2026-08-25 12:00:00,1,Raipur,26.9,,0.5
2026-08-23 12:00:00,2026-08-25 12:00:00,2,Raipur,26.1,,3.8
2026-08-22 12:00:00,2026-08-25 12:00:00,3,Raipur,28.5,,0.2
2026-08-21 12:00:00,2026-08-25 12:00:00,4,Raipur,27.6,,0.2
2026-08-20 12:00:00,2026-08-25 12:00:00,5,Raipur,28.8,,1.8
2026-08-19 12:00:00,2026-08-25 12:00:00,6,Raipur,30.2,,0.8
2026-08-18 12:00:00,2026-08-25 12:00:00,7,Raipur,28.9,,0.7
2026-08-24 13:00:00,2026-08-25 13:00:00,1,Raipur,29.0,,0.2
2026-08-23 13:00:00,2026-08-25 13:00:00,2,Raipur,26.4,,4.1
2026-08-22 13:00:00,2026-08-25 13:00:00,3,Raipur,29.5,,0.2
2026-08-21 13:00:00,2026-08-25 13:00:00,4,Raipur,28.5,,0.2
2026-08-20 13:00:00,2026-08-25 13:00:00,5,Raipur,27.8,,1.8
2026-08-19 13:00:00,2026-08-25 13:00:00,6,Raipur,29.5,,0.8
2026-08-18 13:00:00,2026-08-25 13:00:00,7,Raipur,28.5,,0.7
2026-08-24 14:00:00,2026-08-25 14:00:00,1,Raipur,29.4,,0.2
2026-08-23 14:00:00,2026-08-25 14:00:00,2,Raipur,28.3,,0.8
2026-08-22 14:00:00,2026-08-25 14:00:00,3,Raipur,29.3,,0.1
2026-08-21 14:00:00,2026-08-25 14:00:00,4,Raipur,28.8,,0.2
2026-08-20 14:00:00,2026-08-25 14:00:00,5,Raipur,27.0,,1.8
2026-08-19 14:00:00,2026-08-25 14:00:00,6,Raipur,28.6,,0.8
2026-08-18 14:00:00,2026-08-25 14:00:00,7,Raipur,27.9,,0.7
2026-08-24 15:00:00,2026-08-25 15:00:00,1,Raipur,28.6,,0.4
2026-08-23 15:00:00,2026-08-25 15:00:00,2,Raipur,26.4,,1.8
2026-08-22 15:00:00,2026-08-25 15:00:00,3,Raipur,27.5,,0.8
2026-08-21 15:00:00,2026-08-25 15:00:00,4,Raipur,28.3,,1.8
2026-08-20 15:00:00,2026-08-25 15:00:00,5,Raipur,26.7,,1.3
2026-08-19 15:00:00,2026-08-25 15:00:00,6,Raipur,27.5,,0.8
2026-08-18 15:00:00,2026-08-25 15:00:00,7,Raipur,27.3,,0.7
2026-08-24 16:00:00,2026-08-25 16:00:00,1,Raipur,25.1,,8.3
2026-08-23 16:00:00,2026-08-25 16:00:00,2,Raipur,25.9,,1.2
2026-08-22 16:00:00,2026-08-25 16:00:00,3,Raipur,26.9,,2.9
2026-08-21 16:00:00,2026-08-25 16:00:00,4,Raipur,27.3,,1.8
2026-08-20 16:00:00,2026-08-25 16:00:00,5,Raipur,26.5,,1.3
2026-08-19 16:00:00,2026-08-25 16:00:00,6,Raipur,26.6,,0.8
2026-08-18 16:00:00,2026-08-25 16:00:00,7,Raipur,26.6,,0.7
2026-08-24 17:00:00,2026-08-25 17:00:00,1,Raipur,26.9,,0.3
2026-08-23 17:00:00,2026-08-25 17:00:00,2,Raipur,26.0,,0.0
2026-08-22 17:00:00,2026-08-25 17:00:00,3,Raipur,25.6,,3.0
2026-08-21 17:00:00,2026-08-25 17:00:00,4,Raipur,26.7,,1.3
2026-08-20 17:00:00,2026-08-25 17:00:00,5,Raipur,26.7,,1.0
2026-08-19 17:00:00,2026-08-25 17:00:00,6,Raipur,26.4,,1.3
2026-08-18 17:00:00,2026-08-25 17:00:00,7,Raipur,26.0,,1.2
2026-08-24 18:00:00,2026-08-25 18:00:00,1,Raipur,26.3,,0.1
2026-08-23 18:00:00,2026-08-25 18:00:00,2,Raipur,25.5,,0.1
2026-08-22 18:00:00,2026-08-25 18:00:00,3,Raipur,24.8,,2.4
2026-08-21 18:00:00,2026-08-25 18:00:00,4,Raipur,26.1,,0.0
2026-08-20 18:00:00,2026-08-25 18:00:00,5,Raipur,26.0,,0.2
2026-08-19 18:00:00,2026-08-25 18:00:00,6,Raipur,26.2,,0.4
2026-08-18 18:00:00,2026-08-25 18:00:00,7,Raipur,25.6,,1.1
2026-08-24 19:00:00,2026-08-25 19:00:00,1,Raipur,26.1,,0.0
2026-08-23 19:00:00,2026-08-25 19:00:00,2,Raipur,24.5,,2.8
2026-08-22 19:00:00,2026-08-25 19:00:00,3,Raipur,24.6,,1.4
2026-08-21 19:00:00,2026-08-25 19:00:00,4,Raipur,25.7,,0.0
2026-08-20 19:00:00,2026-08-25 19:00:00,5,Raipur,25.4,,0.2
2026-08-19 19:00:00,2026-08-25 19:00:00,6,Raipur,25.9,,0.4
2026-08-18 19:00:00,2026-08-25 19:00:00,7,Raipur,25.2,,1.1
2026-08-24 20:00:00,2026-08-25 20:00:00,1,Raipur,25.9,,0.0
2026-08-23 20:00:00,2026-08-25 20:00:00,2,Raipur,24.7,,1.3
2026-08-22 20:00:00,2026-08-25 20:00:00,3,Raipur,24.5,,1.7
2026-08-21 20:00:00,2026-08-25 20:00:00,4,Raipur,25.4,,0.0
2026-08-20 20:00:00,2026-08-25 20:00:00,5,Raipur,24.9,,0.2
2026-08-19 20:00:00,2026-08-25 20:00:00,6,Raipur,25.6,,0.4
2026-08-18 20:00:00,2026-08-25 20:00:00,7,Raipur,24.9,,1.1
2026-08-24 21:00:00,2026-08-25 21:00:00,1,Raipur,25.6,,0.0
2026-08-23 21:00:00,2026-08-25 21:00:00,2,Raipur,24.5,,0.3
2026-08-22 21:00:00,2026-08-25 21:00:00,3,Raipur,24.2,,1.1
2026-08-21 21:00:00,2026-08-25 21:00:00,4,Raipur,25.0,,1.2
2026-08-20 21:00:00,2026-08-25 21:00:00,5,Raipur,24.7,,0.2
2026-08-19 21:00:00,2026-08-25 21:00:00,6,Raipur,25.3,,0.4
2026-08-18 21:00:00,2026-08-25 21:00:00,7,Raipur,24.7,,1.1
2026-08-24 22:00:00,2026-08-25 22:00:00,1,Raipur,25.6,,0.0
2026-08-23 22:00:00,2026-08-25 22:00:00,2,Raipur,24.5,,0.3
2026-08-22 22:00:00,2026-08-25 22:00:00,3,Raipur,24.1,,1.1
2026-08-21 22:00:00,2026-08-25 22:00:00,4,Raipur,24.8,,1.2
2026-08-20 22:00:00,2026-08-25 22:00:00,5,Raipur,24.6,,0.2
2026-08-19 22:00:00,2026-08-25 22:00:00,6,Raipur,25.0,,0.4
2026-08-18 22:00:00,2026-08-25 22:00:00,7,Raipur,24.5,,1.1
2026-08-24 23:00:00,2026-08-25 23:00:00,1,Raipur,25.1,,0.0
2026-08-23 23:00:00,2026-08-25 23:00:00,2,Raipur,24.8,,0.2
2026-08-22 23:00:00,2026-08-25 23:00:00,3,Raipur,24.4,,0.5
2026-08-21 23:00:00,2026-08-25 23:00:00,4,Raipur,24.2,,1.4
2026-08-20 23:00:00,2026-08-25 23:00:00,5,Raipur,24.2,,0.3
2026-08-19 23:00:00,2026-08-25 23:00:00,6,Raipur,24.8,,0.4
2026-08-18 23:00:00,2026-08-25 23:00:00,7,Raipur,24.3,,1.1
2026-08-25 00:00:00,2026-08-26 00:00:00,1,Raipur,25.1,,0.0
2026-08-24 00:00:00,2026-08-26 00:00:00,2,Raipur,24.7,,0.2
2026-08-23 00:00:00,2026-08-26 00:00:00,3,Raipur,24.1,,0.3
2026-08-22 00:00:00,2026-08-26 00:00:00,4,Raipur,24.1,,0.2
2026-08-21 00:00:00,2026-08-26 00:00:00,5,Raipur,24.0,,0.0
2026-08-20 00:00:00,2026-08-26 00:00:00,6,Raipur,24.6,,0.1
2026-08-19 00:00:00,2026-08-26 00:00:00,7,Raipur,24.2,,0.1
2026-08-25 01:00:00,2026-08-26 01:00:00,1,Raipur,25.0,,0.0
2026-08-24 01:00:00,2026-08-26 01:00:00,2,Raipur,24.7,,0.1
2026-08-23 01:00:00,2026-08-26 01:00:00,3,Raipur,24.0,,0.5
2026-08-22 01:00:00,2026-08-26 01:00:00,4,Raipur,23.9,,0.2
2026-08-21 01:00:00,2026-08-26 01:00:00,5,Raipur,23.9,,0.0
2026-08-20 01:00:00,2026-08-26 01:00:00,6,Raipur,24.4,,0.1
2026-08-19 01:00:00,2026-08-26 01:00:00,7,Raipur,24.1,,0.1
2026-08-25 02:00:00,2026-08-26 02:00:00,1,Raipur,24.9,,0.0
2026-08-24 02:00:00,2026-08-26 02:00:00,2,Raipur,24.7,,0.1
2026-08-23 02:00:00,2026-08-26 02:00:00,3,Raipur,24.0,,0.2
2026-08-22 02:00:00,2026-08-26 02:00:00,4,Raipur,23.8,,0.2
2026-08-21 02:00:00,2026-08-26 02:00:00,5,Raipur,23.9,,0.0
2026-08-20 02:00:00,2026-08-26 02:00:00,6,Raipur,24.2,,0.1
2026-08-19 02:00:00,2026-08-26 02:00:00,7,Raipur,24.0,,0.1
2026-08-25 03:00:00,2026-08-26 03:00:00,1,Raipur,24.7,,0.0
2026-08-24 03:00:00,2026-08-26 03:00:00,2,Raipur,24.7,,0.0
2026-08-23 03:00:00,2026-08-26 03:00:00,3,Raipur,23.7,,0.1
2026-08-22 03:00:00,2026-08-26 03:00:00,4,Raipur,23.8,,0.0
2026-08-21 03:00:00,2026-08-26 03:00:00,5,Raipur,23.9,,0.0
2026-08-20 03:00:00,2026-08-26 03:00:00,6,Raipur,24.1,,0.1
2026-08-19 03:00:00,2026-08-26 03:00:00,7,Raipur,24.0,,0.1
2026-08-25 04:00:00,2026-08-26 04:00:00,1,Raipur,24.7,,0.0
2026-08-24 04:00:00,2026-08-26 04:00:00,2,Raipur,24.6,,0.0
2026-08-23 04:00:00,2026-08-26 04:00:00,3,Raipur,23.9,,0.0
2026-08-22 04:00:00,2026-08-26 04:00:00,4,Raipur,23.8,,0.0
2026-08-21 04:00:00,2026-08-26 04:00:00,5,Raipur,24.0,,0.0
2026-08-20 04:00:00,2026-08-26 04:00:00,6,Raipur,24.2,,0.1
2026-08-19 04:00:00,2026-08-26 04:00:00,7,Raipur,24.1,,0.1
2026-08-25 05:00:00,2026-08-26 05:00:00,1,Raipur,25.0,,0.0
2026-08-24 05:00:00,2026-08-26 05:00:00,2,Raipur,25.0,,0.0
2026-08-23 05:00:00,2026-08-26 05:00:00,3,Raipur,24.3,,0.0
2026-08-22 05:00:00,2026-08-26 05:00:00,4,Raipur,24.8,,0.0
2026-08-21 05:00:00,2026-08-26 05:00:00,5,Raipur,24.0,,0.6
2026-08-20 05:00:00,2026-08-26 05:00:00,6,Raipur,23.7,,0.4
2026-08-19 05:00:00,2026-08-26 05:00:00,7,Raipur,24.8,,0.1
2026-08-25 06:00:00,2026-08-26 06:00:00,1,Raipur,25.2,,0.0
2026-08-24 06:00:00,2026-08-26 06:00:00,2,Raipur,25.1,,0.0
2026-08-23 06:00:00,2026-08-26 06:00:00,3,Raipur,24.4,,0.1
2026-08-22 06:00:00,2026-08-26 06:00:00,4,Raipur,25.3,,0.0
2026-08-21 06:00:00,2026-08-26 06:00:00,5,Raipur,24.1,,0.3
2026-08-20 06:00:00,2026-08-26 06:00:00,6,Raipur,24.2,,0.9
2026-08-19 06:00:00,2026-08-26 06:00:00,7,Raipur,25.2,,0.1
2026-08-25 07:00:00,2026-08-26 07:00:00,1,Raipur,26.3,,0.0
2026-08-24 07:00:00,2026-08-26 07:00:00,2,Raipur,25.7,,0.0
2026-08-23 07:00:00,2026-08-26 07:00:00,3,Raipur,24.7,,0.1
2026-08-22 07:00:00,2026-08-26 07:00:00,4,Raipur,26.0,,0.0
2026-08-21 07:00:00,2026-08-26 07:00:00,5,Raipur,24.4,,0.3
2026-08-20 07:00:00,2026-08-26 07:00:00,6,Raipur,24.9,,0.9
2026-08-19 07:00:00,2026-08-26 07:00:00,7,Raipur,25.8,,0.1
2026-08-25 08:00:00,2026-08-26 08:00:00,1,Raipur,27.3,,0.0
2026-08-24 08:00:00,2026-08-26 08:00:00,2,Raipur,26.8,,0.0
2026-08-23 08:00:00,2026-08-26 08:00:00,3,Raipur,25.2,,0.1
2026-08-22 08:00:00,2026-08-26 08:00:00,4,Raipur,26.7,,0.0
2026-08-21 08:00:00,2026-08-26 08:00:00,5,Raipur,25.0,,0.3
2026-08-20 08:00:00,2026-08-26 08:00:00,6,Raipur,25.7,,0.9
2026-08-19 08:00:00,2026-08-26 08:00:00,7,Raipur,26.6,,0.1
2026-08-25 09:00:00,2026-08-26 09:00:00,1,Raipur,28.5,,0.1
2026-08-24 09:00:00,2026-08-26 09:00:00,2,Raipur,28.6,,0.0
2026-08-23 09:00:00,2026-08-26 09:00:00,3,Raipur,25.7,,0.2
2026-08-22 09:00:00,2026-08-26 09:00:00,4,Raipur,27.7,,0.1
2026-08-21 09:00:00,2026-08-26 09:00:00,5,Raipur,26.3,,0.2
2026-08-20 09:00:00,2026-08-26 09:00:00,6,Raipur,26.6,,0.9
2026-08-19 09:00:00,2026-08-26 09:00:00,7,Raipur,27.3,,0.1
2026-08-25 10:00:00,2026-08-26 10:00:00,1,Raipur,29.5,,0.1
2026-08-24 10:00:00,2026-08-26 10:00:00,2,Raipur,27.8,,0.9
2026-08-23 10:00:00,2026-08-26 10:00:00,3,Raipur,26.4,,0.1
2026-08-22 10:00:00,2026-08-26 10:00:00,4,Raipur,28.7,,0.1
2026-08-21 10:00:00,2026-08-26 10:00:00,5,Raipur,27.8,,0.2
2026-08-20 10:00:00,2026-08-26 10:00:00,6,Raipur,27.3,,0.9
2026-08-19 10:00:00,2026-08-26 10:00:00,7,Raipur,27.9,,0.1
2026-08-25 11:00:00,2026-08-26 11:00:00,1,Raipur,30.1,,0.0
2026-08-24 11:00:00,2026-08-26 11:00:00,2,Raipur,29.8,,0.1
2026-08-23 11:00:00,2026-08-26 11:00:00,3,Raipur,27.6,,0.2
2026-08-22 11:00:00,2026-08-26 11:00:00,4,Raipur,28.0,,0.1
2026-08-21 11:00:00,2026-08-26 11:00:00,5,Raipur,28.4,,0.1
2026-08-20 11:00:00,2026-08-26 11:00:00,6,Raipur,27.7,,0.9
2026-08-19 11:00:00,2026-08-26 11:00:00,7,Raipur,28.3,,0.1
2026-08-25 12:00:00,2026-08-26 12:00:00,1,Raipur,30.2,,0.0
2026-08-24 12:00:00,2026-08-26 12:00:00,2,Raipur,30.4,,0.0
2026-08-23 12:00:00,2026-08-26 12:00:00,3,Raipur,29.4,,0.0
2026-08-22 12:00:00,2026-08-26 12:00:00,4,Raipur,28.7,,0.1
2026-08-21 12:00:00,2026-08-26 12:00:00,5,Raipur,29.4,,0.2
2026-08-20 12:00:00,2026-08-26 12:00:00,6,Raipur,27.9,,0.8
2026-08-19 12:00:00,2026-08-26 12:00:00,7,Raipur,28.5,,0.7
2026-08-25 13:00:00,2026-08-26 13:00:00,1,Raipur,29.3,,0.7
2026-08-24 13:00:00,2026-08-26 13:00:00,2,Raipur,27.2,,2.4
2026-08-23 13:00:00,2026-08-26 13:00:00,3,Raipur,29.9,,0.1
2026-08-22 13:00:00,2026-08-26 13:00:00,4,Raipur,29.2,,0.1
2026-08-21 13:00:00,2026-08-26 13:00:00,5,Raipur,30.3,,0.2
2026-08-20 13:00:00,2026-08-26 13:00:00,6,Raipur,27.8,,0.8
2026-08-19 13:00:00,2026-08-26 13:00:00,7,Raipur,28.6,,0.7
2026-08-25 14:00:00,2026-08-26 14:00:00,1,Raipur,28.9,,2.1
2026-08-24 14:00:00,2026-08-26 14:00:00,2,Raipur,29.5,,0.6
2026-08-23 14:00:00,2026-08-26 14:00:00,3,Raipur,30.0,,0.0
2026-08-22 14:00:00,2026-08-26 14:00:00,4,Raipur,29.3,,0.1
2026-08-21 14:00:00,2026-08-26 14:00:00,5,Raipur,30.4,,0.2
2026-08-20 14:00:00,2026-08-26 14:00:00,6,Raipur,27.7,,0.8
2026-08-19 14:00:00,2026-08-26 14:00:00,7,Raipur,28.5,,0.7
2026-08-25 15:00:00,2026-08-26 15:00:00,1,Raipur,29.2,,0.3
2026-08-24 15:00:00,2026-08-26 15:00:00,2,Raipur,29.0,,0.4
2026-08-23 15:00:00,2026-08-26 15:00:00,3,Raipur,29.6,,0.1
2026-08-22 15:00:00,2026-08-26 15:00:00,4,Raipur,28.6,,2.5
2026-08-21 15:00:00,2026-08-26 15:00:00,5,Raipur,29.3,,1.3
2026-08-20 15:00:00,2026-08-26 15:00:00,6,Raipur,27.4,,0.8
2026-08-19 15:00:00,2026-08-26 15:00:00,7,Raipur,28.4,,0.7
2026-08-25 16:00:00,2026-08-26 16:00:00,1,Raipur,29.5,,0.0
2026-08-24 16:00:00,2026-08-26 16:00:00,2,Raipur,28.7,,0.1
2026-08-23 16:00:00,2026-08-26 16:00:00,3,Raipur,29.3,,0.0
2026-08-22 16:00:00,2026-08-26 16:00:00,4,Raipur,27.5,,2.5
2026-08-21 16:00:00,2026-08-26 16:00:00,5,Raipur,27.5,,1.3
2026-08-20 16:00:00,2026-08-26 16:00:00,6,Raipur,27.2,,0.8
2026-08-19 16:00:00,2026-08-26 16:00:00,7,Raipur,28.2,,0.7
2026-08-25 17:00:00,2026-08-26 17:00:00,1,Raipur,27.2,,1.4
2026-08-24 17:00:00,2026-08-26 17:00:00,2,Raipur,26.6,,3.4
2026-08-23 17:00:00,2026-08-26 17:00:00,3,Raipur,28.0,,0.4
2026-08-22 17:00:00,2026-08-26 17:00:00,4,Raipur,27.8,,0.1
2026-08-21 17:00:00,2026-08-26 17:00:00,5,Raipur,26.3,,2.4
2026-08-20 17:00:00,2026-08-26 17:00:00,6,Raipur,26.3,,2.2
2026-08-19 17:00:00,2026-08-26 17:00:00,7,Raipur,26.3,,2.0
2026-08-25 18:00:00,2026-08-26 18:00:00,1,Raipur,26.9,,0.3
2026-08-24 18:00:00,2026-08-26 18:00:00,2,Raipur,26.6,,0.8
2026-08-23 18:00:00,2026-08-26 18:00:00,3,Raipur,26.9,,0.0
2026-08-22 18:00:00,2026-08-26 18:00:00,4,Raipur,27.1,,0.0
2026-08-21 18:00:00,2026-08-26 18:00:00,5,Raipur,25.8,,0.1
2026-08-20 18:00:00,2026-08-26 18:00:00,6,Raipur,25.9,,0.1
2026-08-19 18:00:00,2026-08-26 18:00:00,7,Raipur,25.9,,0.5
2026-08-25 19:00:00,2026-08-26 19:00:00,1,Raipur,26.8,,0.1
2026-08-24 19:00:00,2026-08-26 19:00:00,2,Raipur,26.3,,0.1
2026-08-23 19:00:00,2026-08-26 19:00:00,3,Raipur,26.1,,0.1
2026-08-22 19:00:00,2026-08-26 19:00:00,4,Raipur,26.3,,0.0
2026-08-21 19:00:00,2026-08-26 19:00:00,5,Raipur,25.6,,0.1
2026-08-20 19:00:00,2026-08-26 19:00:00,6,Raipur,25.5,,0.1
2026-08-19 19:00:00,2026-08-26 19:00:00,7,Raipur,25.5,,0.5
2026-08-25 20:00:00,2026-08-26 20:00:00,1,Raipur,26.6,,0.0
2026-08-24 20:00:00,2026-08-26 20:00:00,2,Raipur,26.1,,0.0
2026-08-23 20:00:00,2026-08-26 20:00:00,3,Raipur,25.7,,0.1
2026-08-22 20:00:00,2026-08-26 20:00:00,4,Raipur,25.7,,0.0
2026-08-21 20:00:00,2026-08-26 20:00:00,5,Raipur,25.5,,0.1
2026-08-20 20:00:00,2026-08-26 20:00:00,6,Raipur,25.1,,0.1
2026-08-19 20:00:00,2026-08-26 20:00:00,7,Raipur,25.2,,0.5
2026-08-25 21:00:00,2026-08-26 21:00:00,1,Raipur,26.2,,0.0
2026-08-24 21:00:00,2026-08-26 21:00:00,2,Raipur,25.8,,0.0
2026-08-23 21:00:00,2026-08-26 21:00:00,3,Raipur,25.3,,0.0
2026-08-22 21:00:00,2026-08-26 21:00:00,4,Raipur,25.4,,0.0
2026-08-21 21:00:00,2026-08-26 21:00:00,5,Raipur,25.3,,0.0
2026-08-20 21:00:00,2026-08-26 21:00:00,6,Raipur,24.8,,0.1
2026-08-19 21:00:00,2026-08-26 21:00:00,7,Raipur,24.9,,0.5
2026-08-25 22:00:00,2026-08-26 22:00:00,1,Raipur,25.8,,0.1
2026-08-24 22:00:00,2026-08-26 22:00:00,2,Raipur,25.8,,0.0
2026-08-23 22:00:00,2026-08-26 22:00:00,3,Raipur,25.2,,0.0
2026-08-22 22:00:00,2026-08-26 22:00:00,4,Raipur,25.4,,0.0
2026-08-21 22:00:00,2026-08-26 22:00:00,5,Raipur,25.2,,0.0
2026-08-20 22:00:00,2026-08-26 22:00:00,6,Raipur,24.5,,0.1
2026-08-19 22:00:00,2026-08-26 22:00:00,7,Raipur,24.7,,0.5
2026-08-25 23:00:00,2026-08-26 23:00:00,1,Raipur,25.9,,0.0
2026-08-24 23:00:00,2026-08-26 23:00:00,2,Raipur,25.5,,0.0
2026-08-23 23:00:00,2026-08-26 23:00:00,3,Raipur,24.7,,0.2
2026-08-22 23:00:00,2026-08-26 23:00:00,4,Raipur,24.6,,0.0
2026-08-21 23:00:00,2026-08-26 23:00:00,5,Raipur,24.6,,0.1
2026-08-20 23:00:00,2026-08-26 23:00:00,6,Raipur,24.2,,0.1
2026-08-19 23:00:00,2026-08-26 23:00:00,7,Raipur,24.5,,0.5
2026-08-26 00:00:00,2026-08-27 00:00:00,1,Raipur,25.7,,0.0
2026-08-25 00:00:00,2026-08-27 00:00:00,2,Raipur,25.5,,0.0
2026-08-24 00:00:00,2026-08-27 00:00:00,3,Raipur,24.3,,0.9
2026-08-23 00:00:00,2026-08-27 00:00:00,4,Raipur,24.5,,0.0
2026-08-22 00:00:00,2026-08-27 00:00:00,5,Raipur,24.4,,0.1
2026-08-21 00:00:00,2026-08-27 00:00:00,6,Raipur,24.0,,0.2
2026-08-20 00:00:00,2026-08-27 00:00:00,7,Raipur,24.3,,0.4
2026-08-26 01:00:00,2026-08-27 01:00:00,1,Raipur,25.5,,0.0
2026-08-25 01:00:00,2026-08-27 01:00:00,2,Raipur,25.3,,0.0
2026-08-24 01:00:00,2026-08-27 01:00:00,3,Raipur,24.3,,0.5
2026-08-23 01:00:00,2026-08-27 01:00:00,4,Raipur,24.5,,0.0
2026-08-22 01:00:00,2026-08-27 01:00:00,5,Raipur,24.2,,0.1
2026-08-21 01:00:00,2026-08-27 01:00:00,6,Raipur,23.8,,0.2
2026-08-20 01:00:00,2026-08-27 01:00:00,7,Raipur,24.1,,0.4
2026-08-26 02:00:00,2026-08-27 02:00:00,1,Raipur,25.3,,0.0
2026-08-25 02:00:00,2026-08-27 02:00:00,2,Raipur,25.4,,0.0
2026-08-24 02:00:00,2026-08-27 02:00:00,3,Raipur,24.3,,0.2
2026-08-23 02:00:00,2026-08-27 02:00:00,4,Raipur,24.4,,0.0
2026-08-22 02:00:00,2026-08-27 02:00:00,5,Raipur,24.0,,0.1
2026-08-21 02:00:00,2026-08-27 02:00:00,6,Raipur,23.7,,0.2
2026-08-20 02:00:00,2026-08-27 02:00:00,7,Raipur,24.0,,0.4
2026-08-26 03:00:00,2026-08-27 03:00:00,1,Raipur,25.1,,0.0
2026-08-25 03:00:00,2026-08-27 03:00:00,2,Raipur,24.9,,0.1
2026-08-24 03:00:00,2026-08-27 03:00:00,3,Raipur,24.3,,0.1
2026-08-23 03:00:00,2026-08-27 03:00:00,4,Raipur,24.4,,0.1
2026-08-22 03:00:00,2026-08-27 03:00:00,5,Raipur,23.9,,0.0
2026-08-21 03:00:00,2026-08-27 03:00:00,6,Raipur,23.6,,0.2
2026-08-20 03:00:00,2026-08-27 03:00:00,7,Raipur,24.0,,0.4
2026-08-26 04:00:00,2026-08-27 04:00:00,1,Raipur,24.9,,0.0
2026-08-25 04:00:00,2026-08-27 04:00:00,2,Raipur,24.6,,0.1
2026-08-24 04:00:00,2026-08-27 04:00:00,3,Raipur,24.1,,0.1
2026-08-23 04:00:00,2026-08-27 04:00:00,4,Raipur,24.4,,0.1
2026-08-22 04:00:00,2026-08-27 04:00:00,5,Raipur,23.8,,0.0
2026-08-21 04:00:00,2026-08-27 04:00:00,6,Raipur,23.7,,0.2
2026-08-20 04:00:00,2026-08-27 04:00:00,7,Raipur,24.1,,0.4
2026-08-26 05:00:00,2026-08-27 05:00:00,1,Raipur,24.5,,0.9
2026-08-25 05:00:00,2026-08-27 05:00:00,2,Raipur,24.7,,0.0
2026-08-24 05:00:00,2026-08-27 05:00:00,3,Raipur,24.5,,0.3
2026-08-23 05:00:00,2026-08-27 05:00:00,4,Raipur,24.5,,0.0
2026-08-22 05:00:00,2026-08-27 05:00:00,5,Raipur,24.8,,0.0
2026-08-21 05:00:00,2026-08-27 05:00:00,6,Raipur,23.9,,0.1
2026-08-20 05:00:00,2026-08-27 05:00:00,7,Raipur,24.4,,0.1
2026-08-26 06:00:00,2026-08-27 06:00:00,1,Raipur,24.5,,3.1
2026-08-25 06:00:00,2026-08-27 06:00:00,2,Raipur,24.8,,0.4
2026-08-24 06:00:00,2026-08-27 06:00:00,3,Raipur,24.1,,0.7
2026-08-23 06:00:00,2026-08-27 06:00:00,4,Raipur,24.9,,0.0
2026-08-22 06:00:00,2026-08-27 06:00:00,5,Raipur,25.4,,0.0
2026-08-21 06:00:00,2026-08-27 06:00:00,6,Raipur,24.2,,0.1
2026-08-20 06:00:00,2026-08-27 06:00:00,7,Raipur,24.7,,0.1
2026-08-26 07:00:00,2026-08-27 07:00:00,1,Raipur,24.8,,4.2
2026-08-25 07:00:00,2026-08-27 07:00:00,2,Raipur,25.1,,0.5
2026-08-24 07:00:00,2026-08-27 07:00:00,3,Raipur,24.8,,0.7
2026-08-23 07:00:00,2026-08-27 07:00:00,4,Raipur,25.5,,0.0
2026-08-22 07:00:00,2026-08-27 07:00:00,5,Raipur,26.3,,0.0
2026-08-21 07:00:00,2026-08-27 07:00:00,6,Raipur,24.6,,0.1
2026-08-20 07:00:00,2026-08-27 07:00:00,7,Raipur,25.2,,0.1
2026-08-26 08:00:00,2026-08-27 08:00:00,1,Raipur,25.1,,3.6
2026-08-25 08:00:00,2026-08-27 08:00:00,2,Raipur,24.7,,1.2
2026-08-24 08:00:00,2026-08-27 08:00:00,3,Raipur,25.5,,0.3
2026-08-23 08:00:00,2026-08-27 08:00:00,4,Raipur,26.0,,0.0
2026-08-22 08:00:00,2026-08-27 08:00:00,5,Raipur,27.1,,0.0
2026-08-21 08:00:00,2026-08-27 08:00:00,6,Raipur,25.0,,0.1
2026-08-20 08:00:00,2026-08-27 08:00:00,7,Raipur,25.9,,0.1
2026-08-26 09:00:00,2026-08-27 09:00:00,1,Raipur,25.9,,1.3
2026-08-25 09:00:00,2026-08-27 09:00:00,2,Raipur,25.7,,0.6
2026-08-24 09:00:00,2026-08-27 09:00:00,3,Raipur,26.9,,0.1
2026-08-23 09:00:00,2026-08-27 09:00:00,4,Raipur,26.4,,0.1
2026-08-22 09:00:00,2026-08-27 09:00:00,5,Raipur,27.8,,0.2
2026-08-21 09:00:00,2026-08-27 09:00:00,6,Raipur,25.5,,0.1
2026-08-20 09:00:00,2026-08-27 09:00:00,7,Raipur,26.5,,0.1
2026-08-26 10:00:00,2026-08-27 10:00:00,1,Raipur,27.3,,0.7
2026-08-25 10:00:00,2026-08-27 10:00:00,2,Raipur,27.6,,0.3
2026-08-24 10:00:00,2026-08-27 10:00:00,3,Raipur,27.7,,0.2
2026-08-23 10:00:00,2026-08-27 10:00:00,4,Raipur,26.6,,0.1
2026-08-22 10:00:00,2026-08-27 10:00:00,5,Raipur,28.3,,0.2
2026-08-21 10:00:00,2026-08-27 10:00:00,6,Raipur,26.0,,0.1
2026-08-20 10:00:00,2026-08-27 10:00:00,7,Raipur,27.1,,0.1
2026-08-26 11:00:00,2026-08-27 11:00:00,1,Raipur,29.8,,0.3
2026-08-25 11:00:00,2026-08-27 11:00:00,2,Raipur,28.6,,0.2
2026-08-24 11:00:00,2026-08-27 11:00:00,3,Raipur,27.3,,0.5
2026-08-23 11:00:00,2026-08-27 11:00:00,4,Raipur,28.1,,0.1
2026-08-22 11:00:00,2026-08-27 11:00:00,5,Raipur,27.8,,0.4
2026-08-21 11:00:00,2026-08-27 11:00:00,6,Raipur,26.3,,0.1
2026-08-20 11:00:00,2026-08-27 11:00:00,7,Raipur,27.4,,0.1
2026-08-26 12:00:00,2026-08-27 12:00:00,1,Raipur,30.0,,0.3
2026-08-25 12:00:00,2026-08-27 12:00:00,2,Raipur,28.5,,0.2
2026-08-24 12:00:00,2026-08-27 12:00:00,3,Raipur,29.5,,0.1
2026-08-23 12:00:00,2026-08-27 12:00:00,4,Raipur,28.2,,0.0
2026-08-22 12:00:00,2026-08-27 12:00:00,5,Raipur,28.1,,0.3
2026-08-21 12:00:00,2026-08-27 12:00:00,6,Raipur,26.6,,0.0
2026-08-20 12:00:00,2026-08-27 12:00:00,7,Raipur,27.6,,0.1
2026-08-26 13:00:00,2026-08-27 13:00:00,1,Raipur,30.1,,0.2
2026-08-25 13:00:00,2026-08-27 13:00:00,2,Raipur,30.0,,0.2
2026-08-24 13:00:00,2026-08-27 13:00:00,3,Raipur,30.4,,0.0
2026-08-23 13:00:00,2026-08-27 13:00:00,4,Raipur,28.2,,0.0
2026-08-22 13:00:00,2026-08-27 13:00:00,5,Raipur,28.1,,0.3
2026-08-21 13:00:00,2026-08-27 13:00:00,6,Raipur,26.8,,0.0
2026-08-20 13:00:00,2026-08-27 13:00:00,7,Raipur,27.7,,0.1
2026-08-26 14:00:00,2026-08-27 14:00:00,1,Raipur,30.3,,0.1
2026-08-25 14:00:00,2026-08-27 14:00:00,2,Raipur,28.2,,1.3
2026-08-24 14:00:00,2026-08-27 14:00:00,3,Raipur,30.5,,0.1
2026-08-23 14:00:00,2026-08-27 14:00:00,4,Raipur,28.1,,0.0
2026-08-22 14:00:00,2026-08-27 14:00:00,5,Raipur,28.0,,0.3
2026-08-21 14:00:00,2026-08-27 14:00:00,6,Raipur,27.1,,0.0
2026-08-20 14:00:00,2026-08-27 14:00:00,7,Raipur,27.7,,0.1
2026-08-26 15:00:00,2026-08-27 15:00:00,1,Raipur,25.9,,8.1
2026-08-25 15:00:00,2026-08-27 15:00:00,2,Raipur,28.3,,2.2
2026-08-24 15:00:00,2026-08-27 15:00:00,3,Raipur,28.6,,0.6
2026-08-23 15:00:00,2026-08-27 15:00:00,4,Raipur,27.9,,0.0
2026-08-22 15:00:00,2026-08-27 15:00:00,5,Raipur,27.4,,2.1
2026-08-21 15:00:00,2026-08-27 15:00:00,6,Raipur,27.2,,0.0
2026-08-20 15:00:00,2026-08-27 15:00:00,7,Raipur,27.6,,0.1
2026-08-26 16:00:00,2026-08-27 16:00:00,1,Raipur,26.1,,1.3
2026-08-25 16:00:00,2026-08-27 16:00:00,2,Raipur,25.7,,6.5
2026-08-24 16:00:00,2026-08-27 16:00:00,3,Raipur,28.7,,0.3
2026-08-23 16:00:00,2026-08-27 16:00:00,4,Raipur,27.6,,0.0
2026-08-22 16:00:00,2026-08-27 16:00:00,5,Raipur,26.7,,2.1
2026-08-21 16:00:00,2026-08-27 16:00:00,6,Raipur,27.2,,0.0
2026-08-20 16:00:00,2026-08-27 16:00:00,7,Raipur,27.4,,0.1
2026-08-26 17:00:00,2026-08-27 17:00:00,1,Raipur,25.7,,1.6
2026-08-25 17:00:00,2026-08-27 17:00:00,2,Raipur,25.7,,4.7
2026-08-24 17:00:00,2026-08-27 17:00:00,3,Raipur,25.7,,1.8
2026-08-23 17:00:00,2026-08-27 17:00:00,4,Raipur,26.4,,0.0
2026-08-22 17:00:00,2026-08-27 17:00:00,5,Raipur,26.8,,0.0
2026-08-21 17:00:00,2026-08-27 17:00:00,6,Raipur,27.9,,0.1
2026-08-20 17:00:00,2026-08-27 17:00:00,7,Raipur,27.5,,0.3
2026-08-26 18:00:00,2026-08-27 18:00:00,1,Raipur,25.8,,0.5
2026-08-25 18:00:00,2026-08-27 18:00:00,2,Raipur,25.3,,1.9
2026-08-24 18:00:00,2026-08-27 18:00:00,3,Raipur,25.5,,0.3
2026-08-23 18:00:00,2026-08-27 18:00:00,4,Raipur,25.9,,0.1
2026-08-22 18:00:00,2026-08-27 18:00:00,5,Raipur,26.4,,0.0
2026-08-21 18:00:00,2026-08-27 18:00:00,6,Raipur,27.6,,0.1
2026-08-20 18:00:00,2026-08-27 18:00:00,7,Raipur,27.2,,0.0
2026-08-26 19:00:00,2026-08-27 19:00:00,1,Raipur,25.4,,0.4
2026-08-25 19:00:00,2026-08-27 19:00:00,2,Raipur,25.2,,0.5
2026-08-24 19:00:00,2026-08-27 19:00:00,3,Raipur,25.3,,0.0
2026-08-23 19:00:00,2026-08-27 19:00:00,4,Raipur,25.3,,0.1
2026-08-22 19:00:00,2026-08-27 19:00:00,5,Raipur,26.0,,0.0
2026-08-21 19:00:00,2026-08-27 19:00:00,6,Raipur,27.2,,0.1
2026-08-20 19:00:00,2026-08-27 19:00:00,7,Raipur,26.9,,0.0
2026-08-26 20:00:00,2026-08-27 20:00:00,1,Raipur,25.2,,0.3
2026-08-25 20:00:00,2026-08-27 20:00:00,2,Raipur,25.1,,0.1
2026-08-24 20:00:00,2026-08-27 20:00:00,3,Raipur,25.2,,0.0
2026-08-23 20:00:00,2026-08-27 20:00:00,4,Raipur,24.8,,0.1
2026-08-22 20:00:00,2026-08-27 20:00:00,5,Raipur,25.7,,0.0
2026-08-21 20:00:00,2026-08-27 20:00:00,6,Raipur,26.7,,0.1
2026-08-20 20:00:00,2026-08-27 20:00:00,7,Raipur,26.4,,0.0
2026-08-26 21:00:00,2026-08-27 21:00:00,1,Raipur,25.1,,0.1
2026-08-25 21:00:00,2026-08-27 21:00:00,2,Raipur,25.1,,0.1
2026-08-24 21:00:00,2026-08-27 21:00:00,3,Raipur,25.0,,0.0
2026-08-23 21:00:00,2026-08-27 21:00:00,4,Raipur,24.4,,0.2
2026-08-22 21:00:00,2026-08-27 21:00:00,5,Raipur,25.5,,0.0
2026-08-21 21:00:00,2026-08-27 21:00:00,6,Raipur,26.1,,0.1
2026-08-20 21:00:00,2026-08-27 21:00:00,7,Raipur,26.0,,0.0
2026-08-26 22:00:00,2026-08-27 22:00:00,1,Raipur,24.9,,0.0
2026-08-25 22:00:00,2026-08-27 22:00:00,2,Raipur,25.0,,0.1
2026-08-24 22:00:00,2026-08-27 22:00:00,3,Raipur,24.9,,0.0
2026-08-23 22:00:00,2026-08-27 22:00:00,4,Raipur,24.1,,0.2
2026-08-22 22:00:00,2026-08-27 22:00:00,5,Raipur,25.3,,0.0
2026-08-21 22:00:00,2026-08-27 22:00:00,6,Raipur,25.6,,0.1
2026-08-20 22:00:00,2026-08-27 22:00:00,7,Raipur,25.6,,0.0
2026-08-26 23:00:00,2026-08-27 23:00:00,1,Raipur,24.7,,0.2
2026-08-25 23:00:00,2026-08-27 23:00:00,2,Raipur,24.9,,0.0
2026-08-24 23:00:00,2026-08-27 23:00:00,3,Raipur,25.1,,0.0
2026-08-23 23:00:00,2026-08-27 23:00:00,4,Raipur,24.6,,0.1
2026-08-22 23:00:00,2026-08-27 23:00:00,5,Raipur,24.7,,0.2
2026-08-21 23:00:00,2026-08-27 23:00:00,6,Raipur,25.2,,0.1
2026-08-20 23:00:00,2026-08-27 23:00:00,7,Raipur,25.3,,0.0
